resized/.DS_Store	"[]"	"An error occurred (InvalidImageFormatException) when calling the DetectModerationLabels operation: Request has invalid image format"
resized/BreastExam/dreamstimemaximum_103407046.jpg	"[{"name": "Emaciated Bodies", "parent_name": "Death and Emaciation"}, {"name": "Death and Emaciation", "parent_name": "Visually Disturbing"}, {"name": "Visually Disturbing", "parent_name": ""}]"	"None"
resized/BreastExam/dreamstimemaximum_103761283.jpg	"[{"name": "Swimwear or Underwear", "parent_name": ""}, {"name": "Female Swimwear or Underwear", "parent_name": "Swimwear or Underwear"}]"	"None"
resized/BreastExam/dreamstimemaximum_118626718.jpg	"[{"name": "Non-Explicit Nudity of Intimate parts and Kissing", "parent_name": ""}, {"name": "Obstructed Intimate Parts", "parent_name": "Non-Explicit Nudity of Intimate parts and Kissing"}, {"name": "Obstructed Female Nipple", "parent_name": "Obstructed Intimate Parts"}]"	"None"
resized/BreastExam/dreamstimemaximum_133939417.jpg	"[]"	"None"
resized/BreastExam/dreamstimemaximum_133939422.jpg	"[{"name": "Swimwear or Underwear", "parent_name": ""}, {"name": "Female Swimwear or Underwear", "parent_name": "Swimwear or Underwear"}, {"name": "Non-Explicit Nudity of Intimate parts and Kissing", "parent_name": ""}, {"name": "Non-Explicit Nudity", "parent_name": "Non-Explicit Nudity of Intimate parts and Kissing"}, {"name": "Partially Exposed Female Breast", "parent_name": "Non-Explicit Nudity"}]"	"None"
resized/BreastExam/dreamstimemaximum_141522556.jpg	"[]"	"None"
resized/BreastExam/dreamstimemaximum_173040953.jpg	"[{"name": "Non-Explicit Nudity of Intimate parts and Kissing", "parent_name": ""}, {"name": "Non-Explicit Nudity", "parent_name": "Non-Explicit Nudity of Intimate parts and Kissing"}, {"name": "Implied Nudity", "parent_name": "Non-Explicit Nudity"}]"	"None"
resized/BreastExam/dreamstimemaximum_176675528.jpg	"[{"name": "Swimwear or Underwear", "parent_name": ""}, {"name": "Female Swimwear or Underwear", "parent_name": "Swimwear or Underwear"}]"	"None"
resized/BreastExam/dreamstimemaximum_207123274.jpg	"[]"	"None"
resized/BreastExam/dreamstimemaximum_20880761.jpg	"[{"name": "Non-Explicit Nudity of Intimate parts and Kissing", "parent_name": ""}, {"name": "Non-Explicit Nudity", "parent_name": "Non-Explicit Nudity of Intimate parts and Kissing"}, {"name": "Implied Nudity", "parent_name": "Non-Explicit Nudity"}]"	"None"
resized/BreastExam/dreamstimemaximum_20880771.jpg	"[{"name": "Non-Explicit Nudity of Intimate parts and Kissing", "parent_name": ""}, {"name": "Non-Explicit Nudity", "parent_name": "Non-Explicit Nudity of Intimate parts and Kissing"}, {"name": "Implied Nudity", "parent_name": "Non-Explicit Nudity"}]"	"None"
resized/BreastExam/dreamstimemaximum_20880777.jpg	"[{"name": "Non-Explicit Nudity of Intimate parts and Kissing", "parent_name": ""}, {"name": "Non-Explicit Nudity", "parent_name": "Non-Explicit Nudity of Intimate parts and Kissing"}, {"name": "Implied Nudity", "parent_name": "Non-Explicit Nudity"}]"	"None"
resized/BreastExam/dreamstimemaximum_250259473.jpg	"[]"	"None"
resized/BreastExam/dreamstimemaximum_250746467.jpg	"[{"name": "Non-Explicit Nudity of Intimate parts and Kissing", "parent_name": ""}, {"name": "Non-Explicit Nudity", "parent_name": "Non-Explicit Nudity of Intimate parts and Kissing"}, {"name": "Implied Nudity", "parent_name": "Non-Explicit Nudity"}]"	"None"
resized/BreastExam/dreamstimemaximum_251647733.jpg	"[{"name": "Explicit", "parent_name": ""}, {"name": "Explicit Sexual Activity", "parent_name": "Explicit"}, {"name": "Exposed Female Nipple", "parent_name": "Explicit Nudity"}, {"name": "Explicit Nudity", "parent_name": "Explicit"}]"	"None"
resized/BreastExam/dreamstimemaximum_251869704.jpg	"[]"	"None"
resized/BreastExam/dreamstimemaximum_251940079.jpg	"[{"name": "Swimwear or Underwear", "parent_name": ""}, {"name": "Female Swimwear or Underwear", "parent_name": "Swimwear or Underwear"}, {"name": "Non-Explicit Nudity of Intimate parts and Kissing", "parent_name": ""}, {"name": "Non-Explicit Nudity", "parent_name": "Non-Explicit Nudity of Intimate parts and Kissing"}, {"name": "Partially Exposed Female Breast", "parent_name": "Non-Explicit Nudity"}]"	"None"
resized/BreastExam/dreamstimemaximum_29774693.jpg	"[{"name": "Non-Explicit Nudity of Intimate parts and Kissing", "parent_name": ""}, {"name": "Non-Explicit Nudity", "parent_name": "Non-Explicit Nudity of Intimate parts and Kissing"}, {"name": "Implied Nudity", "parent_name": "Non-Explicit Nudity"}]"	"None"
resized/BreastExam/dreamstimemaximum_331172607.jpg	"[]"	"None"
resized/BreastExam/dreamstimemaximum_333223096.jpg	"[]"	"None"
resized/BreastExam/dreamstimemaximum_345386762.jpg	"[]"	"None"
resized/BreastExam/dreamstimemaximum_45316700.jpg	"[]"	"None"
resized/BreastExam/dreamstimemaximum_49879334.jpg	"[{"name": "Swimwear or Underwear", "parent_name": ""}, {"name": "Female Swimwear or Underwear", "parent_name": "Swimwear or Underwear"}, {"name": "Non-Explicit Nudity of Intimate parts and Kissing", "parent_name": ""}, {"name": "Non-Explicit Nudity", "parent_name": "Non-Explicit Nudity of Intimate parts and Kissing"}, {"name": "Partially Exposed Female Breast", "parent_name": "Non-Explicit Nudity"}]"	"None"
resized/BreastExam/dreamstimemaximum_51091477.jpg	"[{"name": "Swimwear or Underwear", "parent_name": ""}, {"name": "Female Swimwear or Underwear", "parent_name": "Swimwear or Underwear"}, {"name": "Non-Explicit Nudity of Intimate parts and Kissing", "parent_name": ""}, {"name": "Non-Explicit Nudity", "parent_name": "Non-Explicit Nudity of Intimate parts and Kissing"}, {"name": "Partially Exposed Buttocks", "parent_name": "Non-Explicit Nudity"}]"	"None"
resized/BreastExam/dreamstimemaximum_55485205.jpg	"[]"	"None"
resized/BreastExam/dreamstimemaximum_55510901.jpg	"[{"name": "Non-Explicit Nudity of Intimate parts and Kissing", "parent_name": ""}, {"name": "Non-Explicit Nudity", "parent_name": "Non-Explicit Nudity of Intimate parts and Kissing"}, {"name": "Implied Nudity", "parent_name": "Non-Explicit Nudity"}]"	"None"
resized/BreastExam/dreamstimemaximum_55510905.jpg	"[{"name": "Non-Explicit Nudity of Intimate parts and Kissing", "parent_name": ""}, {"name": "Non-Explicit Nudity", "parent_name": "Non-Explicit Nudity of Intimate parts and Kissing"}, {"name": "Implied Nudity", "parent_name": "Non-Explicit Nudity"}]"	"None"
resized/BreastExam/dreamstimemaximum_59736182.jpg	"[{"name": "Non-Explicit Nudity of Intimate parts and Kissing", "parent_name": ""}, {"name": "Non-Explicit Nudity", "parent_name": "Non-Explicit Nudity of Intimate parts and Kissing"}, {"name": "Partially Exposed Female Breast", "parent_name": "Non-Explicit Nudity"}, {"name": "Swimwear or Underwear", "parent_name": ""}, {"name": "Female Swimwear or Underwear", "parent_name": "Swimwear or Underwear"}]"	"None"
resized/BreastExam/dreamstimemaximum_67192785.jpg	"[{"name": "Non-Explicit Nudity of Intimate parts and Kissing", "parent_name": ""}, {"name": "Non-Explicit Nudity", "parent_name": "Non-Explicit Nudity of Intimate parts and Kissing"}, {"name": "Partially Exposed Female Breast", "parent_name": "Non-Explicit Nudity"}, {"name": "Swimwear or Underwear", "parent_name": ""}, {"name": "Female Swimwear or Underwear", "parent_name": "Swimwear or Underwear"}]"	"None"
resized/BreastExam/dreamstimemaximum_77807716.jpg	"[{"name": "Non-Explicit Nudity of Intimate parts and Kissing", "parent_name": ""}, {"name": "Non-Explicit Nudity", "parent_name": "Non-Explicit Nudity of Intimate parts and Kissing"}, {"name": "Implied Nudity", "parent_name": "Non-Explicit Nudity"}]"	"None"
resized/BreastExam/dreamstimemaximum_77807936.jpg	"[{"name": "Non-Explicit Nudity of Intimate parts and Kissing", "parent_name": ""}, {"name": "Non-Explicit Nudity", "parent_name": "Non-Explicit Nudity of Intimate parts and Kissing"}, {"name": "Implied Nudity", "parent_name": "Non-Explicit Nudity"}]"	"None"
resized/BreastExam/dreamstimemaximum_82163298.jpg	"[]"	"None"
resized/BreastExam/dreamstimemaximum_88565794.jpg	"[]"	"None"
resized/BreastExam/dreamstimemaximum_92860536.jpg	"[{"name": "Swimwear or Underwear", "parent_name": ""}, {"name": "Female Swimwear or Underwear", "parent_name": "Swimwear or Underwear"}]"	"None"
resized/BreastExam/dreamstimemaximum_94306606.jpg	"[{"name": "Explicit", "parent_name": ""}, {"name": "Exposed Female Nipple", "parent_name": "Explicit Nudity"}, {"name": "Explicit Nudity", "parent_name": "Explicit"}]"	"None"
resized/BreastExam/dreamstimemaximum_94323393.jpg	"[]"	"None"
resized/BreastExam/dreamstimemaximum_94323528.jpg	"[{"name": "Non-Explicit Nudity of Intimate parts and Kissing", "parent_name": ""}, {"name": "Non-Explicit Nudity", "parent_name": "Non-Explicit Nudity of Intimate parts and Kissing"}, {"name": "Implied Nudity", "parent_name": "Non-Explicit Nudity"}]"	"None"
resized/BreastExam/dreamstimemaximum_96797189.jpg	"[]"	"None"
resized/Menstruation/1000_F_451766029_fVSr3e3wusvjAnbEpzCrmxKznINlFfeB.jpg	"[]"	"None"
resized/Menstruation/PERIOD COMPANIES TESTING 160823 GettyImages-1298129183_L.jpeg	"[]"	"None"
resized/Menstruation/What_are_heavy_periods_Kk8hREp.width-960.png	"[]"	"None"
resized/Menstruation/dreamstimemaximum_154455681.jpg	"[]"	"None"
resized/Menstruation/dreamstimemaximum_338892443.jpg	"[{"name": "Blood & Gore", "parent_name": "Graphic Violence"}, {"name": "Graphic Violence", "parent_name": "Violence"}, {"name": "Violence", "parent_name": ""}]"	"None"
resized/Menstruation/dreamstimemaximum_338892460.jpg	"[{"name": "Blood & Gore", "parent_name": "Graphic Violence"}, {"name": "Graphic Violence", "parent_name": "Violence"}, {"name": "Violence", "parent_name": ""}]"	"None"
resized/Menstruation/dreamstimemaximum_98178285.jpg	"[]"	"None"
resized/Menstruation/images-6.jpeg	"[{"name": "Blood & Gore", "parent_name": "Graphic Violence"}, {"name": "Graphic Violence", "parent_name": "Violence"}, {"name": "Violence", "parent_name": ""}]"	"None"
resized/Menstruation/pexels-karolina-grabowska-7691984-1024x682.jpeg	"[]"	"None"
resized/Menstruation/pexels-karolina-grabowska-7692051.jpg	"[{"name": "Blood & Gore", "parent_name": "Graphic Violence"}, {"name": "Graphic Violence", "parent_name": "Violence"}, {"name": "Violence", "parent_name": ""}]"	"None"
resized/PregnantNonSuggestive/52633490609_712333bf83_c.jpg	"[{"name": "Explicit", "parent_name": ""}, {"name": "Exposed Buttocks or Anus", "parent_name": "Explicit Nudity"}, {"name": "Explicit Nudity", "parent_name": "Explicit"}, {"name": "Exposed Female Genitalia", "parent_name": "Explicit Nudity"}, {"name": "Exposed Female Nipple", "parent_name": "Explicit Nudity"}]"	"None"
resized/PregnantNonSuggestive/52707217985_a38351d2b2_c.jpg	"[{"name": "Explicit", "parent_name": ""}, {"name": "Exposed Buttocks or Anus", "parent_name": "Explicit Nudity"}, {"name": "Explicit Nudity", "parent_name": "Explicit"}, {"name": "Exposed Male Genitalia", "parent_name": "Explicit Nudity"}, {"name": "Exposed Female Nipple", "parent_name": "Explicit Nudity"}, {"name": "Non-Explicit Nudity of Intimate parts and Kissing", "parent_name": ""}, {"name": "Non-Explicit Nudity", "parent_name": "Non-Explicit Nudity of Intimate parts and Kissing"}, {"name": "Exposed Male Nipple", "parent_name": "Non-Explicit Nudity"}, {"name": "Bare Back", "parent_name": "Non-Explicit Nudity"}]"	"None"
resized/PregnantNonSuggestive/52708859118_2e77fdebe1_c.jpg	"[{"name": "Explicit", "parent_name": ""}, {"name": "Explicit Sexual Activity", "parent_name": "Explicit"}, {"name": "Exposed Female Nipple", "parent_name": "Explicit Nudity"}, {"name": "Explicit Nudity", "parent_name": "Explicit"}, {"name": "Exposed Male Genitalia", "parent_name": "Explicit Nudity"}]"	"None"
resized/PregnantNonSuggestive/andre-adjahoe-tqunk3qB_yU-unsplash.jpg	"[{"name": "Explicit", "parent_name": ""}, {"name": "Explicit Sexual Activity", "parent_name": "Explicit"}]"	"None"
resized/PregnantNonSuggestive/andrea-brambila-RGT3KAF4IxQ-unsplash.jpg	"[{"name": "Swimwear or Underwear", "parent_name": ""}, {"name": "Female Swimwear or Underwear", "parent_name": "Swimwear or Underwear"}]"	"None"
resized/PregnantNonSuggestive/andrea-brambila-jN_9s1OcRIO-unsplash.jpg	"[{"name": "Non-Explicit Nudity of Intimate parts and Kissing", "parent_name": ""}, {"name": "Non-Explicit Nudity", "parent_name": "Non-Explicit Nudity of Intimate parts and Kissing"}, {"name": "Partially Exposed Buttocks", "parent_name": "Non-Explicit Nudity"}, {"name": "Swimwear or Underwear", "parent_name": ""}, {"name": "Female Swimwear or Underwear", "parent_name": "Swimwear or Underwear"}]"	"None"
resized/PregnantNonSuggestive/anna-civolani-huDTBofrOZE-unsplash.jpg	"[]"	"None"
resized/PregnantNonSuggestive/anna-deli-HyE8ZHXAOSU-unsplash.jpg	"[{"name": "Partially Exposed Female Breast", "parent_name": "Non-Explicit Nudity"}, {"name": "Non-Explicit Nudity of Intimate parts and Kissing", "parent_name": ""}, {"name": "Non-Explicit Nudity", "parent_name": "Non-Explicit Nudity of Intimate parts and Kissing"}, {"name": "Swimwear or Underwear", "parent_name": ""}, {"name": "Female Swimwear or Underwear", "parent_name": "Swimwear or Underwear"}]"	"None"
resized/PregnantNonSuggestive/anna-deli-JWN_i4Cchug-unsplash.jpg	"[]"	"None"
resized/PregnantNonSuggestive/anna-deli-X-TcNKHso4s-unsplash.jpg	"[{"name": "Swimwear or Underwear", "parent_name": ""}, {"name": "Female Swimwear or Underwear", "parent_name": "Swimwear or Underwear"}, {"name": "Non-Explicit Nudity of Intimate parts and Kissing", "parent_name": ""}, {"name": "Non-Explicit Nudity", "parent_name": "Non-Explicit Nudity of Intimate parts and Kissing"}, {"name": "Partially Exposed Female Breast", "parent_name": "Non-Explicit Nudity"}]"	"None"
resized/PregnantNonSuggestive/anna-deli-aV1yYGcK1jU-unsplash.jpg	"[]"	"None"
resized/PregnantNonSuggestive/anna-myslowska-kiczek-jBNwXT4VlQ-unsplash.jpg	"[]"	"None"
resized/PregnantNonSuggestive/anthony-tran--OlGtjmcVG4-unsplash.jpg	"[{"name": "Swimwear or Underwear", "parent_name": ""}, {"name": "Female Swimwear or Underwear", "parent_name": "Swimwear or Underwear"}]"	"None"
resized/PregnantNonSuggestive/apostolos-vamvouras-A6Ep0vbe3jK-unsplash.jpg	"[{"name": "Swimwear or Underwear", "parent_name": ""}, {"name": "Female Swimwear or Underwear", "parent_name": "Swimwear or Underwear"}, {"name": "Non-Explicit Nudity of Intimate parts and Kissing", "parent_name": ""}, {"name": "Non-Explicit Nudity", "parent_name": "Non-Explicit Nudity of Intimate parts and Kissing"}, {"name": "Partially Exposed Buttocks", "parent_name": "Non-Explicit Nudity"}]"	"None"
resized/PregnantNonSuggestive/apostolos-vamvouras-Cv7BQy1IG0I-unsplash.jpg	"[{"name": "Swimwear or Underwear", "parent_name": ""}, {"name": "Female Swimwear or Underwear", "parent_name": "Swimwear or Underwear"}, {"name": "Non-Explicit Nudity of Intimate parts and Kissing", "parent_name": ""}, {"name": "Non-Explicit Nudity", "parent_name": "Non-Explicit Nudity of Intimate parts and Kissing"}, {"name": "Partially Exposed Buttocks", "parent_name": "Non-Explicit Nudity"}]"	"None"
resized/PregnantNonSuggestive/asdrubal-luna-2NqhAnCmgQY-unsplash.jpg	"[]"	"None"
resized/PregnantNonSuggestive/asdrubal-luna-deAAjXh8JOU-unsplash.jpg	"[]"	"None"
resized/PregnantNonSuggestive/asdrubal-luna-naenqoVRlrg-unsplash.jpg	"[]"	"None"
resized/PregnantNonSuggestive/asdrubal-luna-uqfwXLOJeQI-unsplash.jpg	"[]"	"None"
resized/PregnantNonSuggestive/asdrubal-luna-z4Oox65UGpc-unsplash.jpg	"[]"	"None"
resized/PregnantNonSuggestive/cassidy-rowell-XcMtMSlYZmo-unsplash.jpg	"[]"	"None"
resized/PregnantNonSuggestive/dragos-gontariu-bqG4F5RBqoQ-unsplash.jpg	"[]"	"None"
resized/PregnantNonSuggestive/dreamstimemaximum_13817581.jpg	"[]"	"None"
resized/PregnantNonSuggestive/dreamstimemaximum_143921426.jpg	"[]"	"None"
resized/PregnantNonSuggestive/dreamstimemaximum_170223200.jpg	"[{"name": "Swimwear or Underwear", "parent_name": ""}, {"name": "Female Swimwear or Underwear", "parent_name": "Swimwear or Underwear"}]"	"None"
resized/PregnantNonSuggestive/dreamstimemaximum_170666310.jpg	"[]"	"None"
resized/PregnantNonSuggestive/dreamstimemaximum_171000547.jpg	"[{"name": "Non-Explicit Nudity of Intimate parts and Kissing", "parent_name": ""}, {"name": "Non-Explicit Nudity", "parent_name": "Non-Explicit Nudity of Intimate parts and Kissing"}, {"name": "Partially Exposed Female Breast", "parent_name": "Non-Explicit Nudity"}, {"name": "Swimwear or Underwear", "parent_name": ""}, {"name": "Female Swimwear or Underwear", "parent_name": "Swimwear or Underwear"}]"	"None"
resized/PregnantNonSuggestive/dreamstimemaximum_174915453.jpg	"[]"	"None"
resized/PregnantNonSuggestive/dreamstimemaximum_175332402.jpg	"[{"name": "Non-Explicit Nudity of Intimate parts and Kissing", "parent_name": ""}, {"name": "Obstructed Intimate Parts", "parent_name": "Non-Explicit Nudity of Intimate parts and Kissing"}, {"name": "Obstructed Female Nipple", "parent_name": "Obstructed Intimate Parts"}]"	"None"
resized/PregnantNonSuggestive/dreamstimemaximum_176436971.jpg	"[{"name": "Swimwear or Underwear", "parent_name": ""}, {"name": "Female Swimwear or Underwear", "parent_name": "Swimwear or Underwear"}, {"name": "Non-Explicit Nudity of Intimate parts and Kissing", "parent_name": ""}, {"name": "Non-Explicit Nudity", "parent_name": "Non-Explicit Nudity of Intimate parts and Kissing"}, {"name": "Partially Exposed Buttocks", "parent_name": "Non-Explicit Nudity"}]"	"None"
resized/PregnantNonSuggestive/dreamstimemaximum_18674128.jpg	"[]"	"None"
resized/PregnantNonSuggestive/dreamstimemaximum_19163285.jpg	"[]"	"None"
resized/PregnantNonSuggestive/dreamstimemaximum_191989514.jpg	"[]"	"None"
resized/PregnantNonSuggestive/dreamstimemaximum_19841990.jpg	"[{"name": "Swimwear or Underwear", "parent_name": ""}, {"name": "Female Swimwear or Underwear", "parent_name": "Swimwear or Underwear"}, {"name": "Non-Explicit Nudity of Intimate parts and Kissing", "parent_name": ""}, {"name": "Non-Explicit Nudity", "parent_name": "Non-Explicit Nudity of Intimate parts and Kissing"}, {"name": "Partially Exposed Female Breast", "parent_name": "Non-Explicit Nudity"}]"	"None"
resized/PregnantNonSuggestive/dreamstimemaximum_200050027.jpg	"[]"	"None"
resized/PregnantNonSuggestive/dreamstimemaximum_205466352.jpg	"[]"	"None"
resized/PregnantNonSuggestive/dreamstimemaximum_2127757.jpg	"[{"name": "Swimwear or Underwear", "parent_name": ""}, {"name": "Female Swimwear or Underwear", "parent_name": "Swimwear or Underwear"}]"	"None"
resized/PregnantNonSuggestive/dreamstimemaximum_220829392.jpg	"[]"	"None"
resized/PregnantNonSuggestive/dreamstimemaximum_220969242.jpg	"[]"	"None"
resized/PregnantNonSuggestive/dreamstimemaximum_22473712.jpg	"[]"	"None"
resized/PregnantNonSuggestive/dreamstimemaximum_22985723.jpg	"[]"	"None"
resized/PregnantNonSuggestive/dreamstimemaximum_238769191.jpg	"[]"	"None"
resized/PregnantNonSuggestive/dreamstimemaximum_245637822.jpg	"[]"	"None"
resized/PregnantNonSuggestive/dreamstimemaximum_247657500.jpg	"[]"	"None"
resized/PregnantNonSuggestive/dreamstimemaximum_25107165.jpg	"[]"	"None"
resized/PregnantNonSuggestive/dreamstimemaximum_252919253.jpg	"[]"	"None"
resized/PregnantNonSuggestive/dreamstimemaximum_27467693.jpg	"[]"	"None"
resized/PregnantNonSuggestive/dreamstimemaximum_281496398.jpg	"[{"name": "Swimwear or Underwear", "parent_name": ""}, {"name": "Female Swimwear or Underwear", "parent_name": "Swimwear or Underwear"}]"	"None"
resized/PregnantNonSuggestive/dreamstimemaximum_283575797.jpg	"[]"	"None"
resized/PregnantNonSuggestive/dreamstimemaximum_30888833.jpg	"[]"	"None"
resized/PregnantNonSuggestive/dreamstimemaximum_331310501.jpg	"[]"	"None"
resized/PregnantNonSuggestive/dreamstimemaximum_331310504.jpg	"[]"	"None"
resized/PregnantNonSuggestive/dreamstimemaximum_340787798.jpg	"[{"name": "Swimwear or Underwear", "parent_name": ""}, {"name": "Female Swimwear or Underwear", "parent_name": "Swimwear or Underwear"}]"	"None"
resized/PregnantNonSuggestive/dreamstimemaximum_36640291.jpg	"[]"	"None"
resized/PregnantNonSuggestive/dreamstimemaximum_7490420.jpg	"[{"name": "Explicit", "parent_name": ""}, {"name": "Exposed Female Nipple", "parent_name": "Explicit Nudity"}, {"name": "Explicit Nudity", "parent_name": "Explicit"}, {"name": "Swimwear or Underwear", "parent_name": ""}, {"name": "Female Swimwear or Underwear", "parent_name": "Swimwear or Underwear"}]"	"None"
resized/PregnantNonSuggestive/dreamstimemaximum_78918026.jpg	"[]"	"None"
resized/PregnantNonSuggestive/elias-vidal-aQtoPqs2VPg-unsplash.jpg	"[]"	"None"
resized/PregnantNonSuggestive/febe-vanermen-4DwPLYd7Mnc-unsplash.jpg	"[]"	"None"
resized/PregnantNonSuggestive/febe-vanermen-7kXSpnHZqmI-unsplash.jpg	"[]"	"None"
resized/PregnantNonSuggestive/febe-vanermen-E2kIeFnVeGA-unsplash.jpg	"[]"	"None"
resized/PregnantNonSuggestive/febe-vanermen-LMEnKujH3LI-unsplash.jpg	"[]"	"None"
resized/PregnantNonSuggestive/febe-vanermen-ZxBy3w9zFYQ-unsplash.jpg	"[]"	"None"
resized/PregnantNonSuggestive/febe-vanermen-wSsdA9gzmXY-unsplash.jpg	"[]"	"None"
resized/PregnantNonSuggestive/febe-vanermen-xJF8MF2lSiM-unsplash.jpg	"[]"	"None"
resized/PregnantNonSuggestive/frankie-OCXzRZhsSNo-unsplash.jpg	"[{"name": "Swimwear or Underwear", "parent_name": ""}, {"name": "Female Swimwear or Underwear", "parent_name": "Swimwear or Underwear"}]"	"None"
resized/PregnantNonSuggestive/freestocks-ux53SGpRAHU-unsplash.jpg	"[]"	"None"
resized/PregnantNonSuggestive/gaelle-lewyllie-1xTZSDTGjCo-unsplash.jpg	"[]"	"None"
resized/PregnantNonSuggestive/gian-gomez-ZnulzpqVb2E-unsplash.jpg	"[]"	"None"
resized/PregnantNonSuggestive/gilda-gonzalez-RXGNRoBKEEc-unsplash.jpg	"[]"	"None"
resized/PregnantNonSuggestive/ignacio-campo-FKOjXAbJWlw-unsplash.jpg	"[]"	"None"
resized/PregnantNonSuggestive/irina-rudnik-P-hfN4mH25k-unsplash.jpg	"[]"	"None"
resized/PregnantNonSuggestive/isabella-angelica-3jFGBzi3NT4-unsplash.jpg	"[]"	"None"
resized/PregnantNonSuggestive/isabella-angelica-VpRoCJs_gqA-unsplash.jpg	"[{"name": "Swimwear or Underwear", "parent_name": ""}, {"name": "Female Swimwear or Underwear", "parent_name": "Swimwear or Underwear"}, {"name": "Non-Explicit Nudity of Intimate parts and Kissing", "parent_name": ""}, {"name": "Non-Explicit Nudity", "parent_name": "Non-Explicit Nudity of Intimate parts and Kissing"}, {"name": "Partially Exposed Female Breast", "parent_name": "Non-Explicit Nudity"}]"	"None"
resized/PregnantNonSuggestive/j-balla-photography-9Kuh1NZMszk-unsplash.jpg	"[]"	"None"
resized/PregnantNonSuggestive/j-balla-photography-Ms1g0Kk37G8-unsplash.jpg	"[{"name": "Swimwear or Underwear", "parent_name": ""}, {"name": "Female Swimwear or Underwear", "parent_name": "Swimwear or Underwear"}, {"name": "Non-Explicit Nudity of Intimate parts and Kissing", "parent_name": ""}, {"name": "Non-Explicit Nudity", "parent_name": "Non-Explicit Nudity of Intimate parts and Kissing"}, {"name": "Partially Exposed Buttocks", "parent_name": "Non-Explicit Nudity"}]"	"None"
resized/PregnantNonSuggestive/jan-canty-dF8jzk6GdQc-unsplash.jpg	"[{"name": "Swimwear or Underwear", "parent_name": ""}, {"name": "Female Swimwear or Underwear", "parent_name": "Swimwear or Underwear"}, {"name": "Non-Explicit Nudity of Intimate parts and Kissing", "parent_name": ""}, {"name": "Non-Explicit Nudity", "parent_name": "Non-Explicit Nudity of Intimate parts and Kissing"}, {"name": "Partially Exposed Buttocks", "parent_name": "Non-Explicit Nudity"}]"	"None"
resized/PregnantNonSuggestive/janko-ferlic-ZNVGL_Pcf74-unsplash.jpg	"[{"name": "Swimwear or Underwear", "parent_name": ""}, {"name": "Female Swimwear or Underwear", "parent_name": "Swimwear or Underwear"}, {"name": "Non-Explicit Nudity of Intimate parts and Kissing", "parent_name": ""}, {"name": "Non-Explicit Nudity", "parent_name": "Non-Explicit Nudity of Intimate parts and Kissing"}, {"name": "Partially Exposed Buttocks", "parent_name": "Non-Explicit Nudity"}]"	"None"
resized/PregnantNonSuggestive/jernej-graj-E-T2nKRB9fQ-unsplash.jpg	"[]"	"None"
resized/PregnantNonSuggestive/jernej-graj-WmsnqCK9Jzg-unsplash.jpg	"[{"name": "Swimwear or Underwear", "parent_name": ""}, {"name": "Female Swimwear or Underwear", "parent_name": "Swimwear or Underwear"}]"	"None"
resized/PregnantNonSuggestive/john-schnobrich-UdGQW7RzuUM-unsplash.jpg	"[]"	"None"
resized/PregnantNonSuggestive/jonathan-borba-H-5leKmiGW8-unsplash.jpg	"[{"name": "Swimwear or Underwear", "parent_name": ""}, {"name": "Female Swimwear or Underwear", "parent_name": "Swimwear or Underwear"}]"	"None"
resized/PregnantNonSuggestive/jonathan-borba-y61WgsFToRk-unsplash.jpg	"[{"name": "Swimwear or Underwear", "parent_name": ""}, {"name": "Female Swimwear or Underwear", "parent_name": "Swimwear or Underwear"}, {"name": "Non-Explicit Nudity of Intimate parts and Kissing", "parent_name": ""}, {"name": "Non-Explicit Nudity", "parent_name": "Non-Explicit Nudity of Intimate parts and Kissing"}, {"name": "Partially Exposed Buttocks", "parent_name": "Non-Explicit Nudity"}]"	"None"
resized/PregnantNonSuggestive/kateryna-hliznitsova-U89WOwxRRGI-unsplash.jpg	"[{"name": "Non-Explicit Nudity of Intimate parts and Kissing", "parent_name": ""}, {"name": "Obstructed Intimate Parts", "parent_name": "Non-Explicit Nudity of Intimate parts and Kissing"}, {"name": "Obstructed Female Nipple", "parent_name": "Obstructed Intimate Parts"}]"	"None"
resized/PregnantNonSuggestive/kateryna-hliznitsova-he2bmO_xAcs-unsplash.jpg	"[]"	"None"
resized/PregnantNonSuggestive/kayla-maurais-NIop1Wu314M-unsplash.jpg	"[]"	"None"
resized/PregnantNonSuggestive/leticia-pelissari-cWrQHdPANnc-unsplash.jpg	"[{"name": "Swimwear or Underwear", "parent_name": ""}, {"name": "Female Swimwear or Underwear", "parent_name": "Swimwear or Underwear"}]"	"None"
resized/PregnantNonSuggestive/lo-lindo-zqDVOZ23v7I-unsplash.jpg	"[]"	"None"
resized/PregnantNonSuggestive/luana-azevedo-2_pncwO-AwY-unsplash.jpg	"[]"	"None"
resized/PregnantNonSuggestive/luana-azevedo-L7WQPRcpkAI-unsplash.jpg	"[{"name": "Swimwear or Underwear", "parent_name": ""}, {"name": "Female Swimwear or Underwear", "parent_name": "Swimwear or Underwear"}]"	"None"
resized/PregnantNonSuggestive/luana-azevedo-Mj1aVYsJIiM-unsplash.jpg	"[]"	"None"
resized/PregnantNonSuggestive/luana-azevedo-VAyfshNK4aI-unsplash.jpg	"[]"	"None"
resized/PregnantNonSuggestive/luana-azevedo-cPdHv2M8t4U-unsplash.jpg	"[]"	"None"
resized/PregnantNonSuggestive/luana-azevedo-rq0ZsQdY1j4-unsplash.jpg	"[]"	"None"
resized/PregnantNonSuggestive/luana-azevedo-ydLRIwQEmbA-unsplash.jpg	"[]"	"None"
resized/PregnantNonSuggestive/manuelthelensman-ndCahIqFWbA-unsplash.jpg	"[]"	"None"
resized/PregnantNonSuggestive/martin-baron-Fe04wpHIsy4-unsplash.jpg	"[]"	"None"
resized/PregnantNonSuggestive/mateus-campos-felipe-k4CxGJg-nsA-unsplash.jpg	"[]"	"None"
resized/PregnantNonSuggestive/max-bohme-23QjOMIdLM4-unsplash.jpg	"[{"name": "Explicit", "parent_name": ""}, {"name": "Exposed Female Nipple", "parent_name": "Explicit Nudity"}, {"name": "Explicit Nudity", "parent_name": "Explicit"}]"	"None"
resized/PregnantNonSuggestive/max-bohme-3j3of277RT0-unsplash.jpg	"[]"	"None"
resized/PregnantNonSuggestive/max-bohme-ZWgxlTjKQ4I-unsplash.jpg	"[]"	"None"
resized/PregnantNonSuggestive/max-bohme-d4BvB5Yu5gg-unsplash.jpg	"[]"	"None"
resized/PregnantNonSuggestive/max-bohme-njk-YmGZ-EM-unsplash.jpg	"[]"	"None"
resized/PregnantNonSuggestive/monika-kozub-Q_Avkw0mcfw-unsplash.jpg	"[{"name": "Swimwear or Underwear", "parent_name": ""}, {"name": "Female Swimwear or Underwear", "parent_name": "Swimwear or Underwear"}, {"name": "Non-Explicit Nudity of Intimate parts and Kissing", "parent_name": ""}, {"name": "Non-Explicit Nudity", "parent_name": "Non-Explicit Nudity of Intimate parts and Kissing"}, {"name": "Partially Exposed Buttocks", "parent_name": "Non-Explicit Nudity"}]"	"None"
resized/PregnantNonSuggestive/mother-of-wilde-QplvEsSATAU-unsplash.jpg	"[{"name": "Swimwear or Underwear", "parent_name": ""}, {"name": "Female Swimwear or Underwear", "parent_name": "Swimwear or Underwear"}]"	"None"
resized/PregnantNonSuggestive/pelayo-arbues-Oz0yxfX9Z_Q-unsplash.jpg	"[]"	"None"
resized/PregnantNonSuggestive/pelayo-arbues-gT5WUnWdnmI-unsplash.jpg	"[{"name": "Swimwear or Underwear", "parent_name": ""}, {"name": "Female Swimwear or Underwear", "parent_name": "Swimwear or Underwear"}]"	"None"
resized/PregnantNonSuggestive/raspopova-marina-DoBuAVCg_Do-unsplash.jpg	"[]"	"None"
resized/PregnantNonSuggestive/rene-porter-LagGwBSSElY-unsplash.jpg	"[]"	"None"
resized/PregnantNonSuggestive/sarah-kranz-RX3f9gwPqQ4-unsplash.jpg	"[]"	"None"
resized/PregnantNonSuggestive/sasha-freemind-H2EO-vM0BNs-unsplash.jpg	"[]"	"None"
resized/PregnantNonSuggestive/shelly-shell-if29-uf4N_Q-unsplash.jpg	"[]"	"None"
resized/PregnantNonSuggestive/sierra-koder-18fVqLZ7Ghw-unsplash.jpg	"[]"	"None"
resized/PregnantNonSuggestive/taisiia-stupak-9LO1MBSUZLA-unsplash.jpg	"[{"name": "Swimwear or Underwear", "parent_name": ""}, {"name": "Female Swimwear or Underwear", "parent_name": "Swimwear or Underwear"}]"	"None"
resized/PregnantNonSuggestive/thiago-ferreira-HwFm1MNKzXg-unsplash.jpg	"[]"	"None"
resized/PregnantNonSuggestive/toa-heftiba-C-8uOz7GluA-unsplash.jpg	"[{"name": "Swimwear or Underwear", "parent_name": ""}, {"name": "Female Swimwear or Underwear", "parent_name": "Swimwear or Underwear"}]"	"None"
resized/PregnantNonSuggestive/toa-heftiba-XLHMBQxfm0E-unsplash.jpg	"[]"	"None"
resized/PregnantNonSuggestive/toa-heftiba-cHmKxSne48k-unsplash.jpg	"[]"	"None"
resized/PregnantNonSuggestive/tony-luginsland-_TyXKm8W2BU-unsplash.jpg	"[]"	"None"
resized/PregnantNonSuggestive/tony-luginsland-rqCP3-1Apas-unsplash.jpg	"[{"name": "Swimwear or Underwear", "parent_name": ""}, {"name": "Female Swimwear or Underwear", "parent_name": "Swimwear or Underwear"}]"	"None"
resized/PregnantNonSuggestive/tracy-truhan-U5Jc1Cfz228-unsplash.jpg	"[]"	"None"
resized/PregnantNonSuggestive/valeria-kodra-nhge54ZbyDU-unsplash.jpg	"[]"	"None"
resized/PregnantSuggestive/.DS_Store	"[]"	"An error occurred (InvalidImageFormatException) when calling the DetectModerationLabels operation: Request has invalid image format"
resized/PregnantSuggestive/042412_alessandra_gllery120424115945.jpg	"[]"	"An error occurred (InvalidImageFormatException) when calling the DetectModerationLabels operation: Request has invalid image format"
resized/PregnantSuggestive/51688590897_8fd9f1ff3d_z.jpg	"[{"name": "Non-Explicit Nudity of Intimate parts and Kissing", "parent_name": ""}, {"name": "Non-Explicit Nudity", "parent_name": "Non-Explicit Nudity of Intimate parts and Kissing"}, {"name": "Partially Exposed Female Breast", "parent_name": "Non-Explicit Nudity"}, {"name": "Swimwear or Underwear", "parent_name": ""}, {"name": "Female Swimwear or Underwear", "parent_name": "Swimwear or Underwear"}]"	"None"
resized/PregnantSuggestive/64979795-dcb8.jpg	"[]"	"An error occurred (InvalidImageFormatException) when calling the DetectModerationLabels operation: Request has invalid image format"
resized/PregnantSuggestive/64ec8747-b405.jpg	"[]"	"An error occurred (InvalidImageFormatException) when calling the DetectModerationLabels operation: Request has invalid image format"
resized/PregnantSuggestive/7-MB-Harm-Reduction-13-08-2020-Pregnant-woman-naked-iStock-1001410306.jpg	"[{"name": "Explicit", "parent_name": ""}, {"name": "Exposed Female Nipple", "parent_name": "Explicit Nudity"}, {"name": "Explicit Nudity", "parent_name": "Explicit"}]"	"None"
resized/PregnantSuggestive/Pregnancy_Pictures_140807_003.jpg	"[{"name": "Non-Explicit Nudity of Intimate parts and Kissing", "parent_name": ""}, {"name": "Non-Explicit Nudity", "parent_name": "Non-Explicit Nudity of Intimate parts and Kissing"}, {"name": "Implied Nudity", "parent_name": "Non-Explicit Nudity"}]"	"None"
resized/PregnantSuggestive/aHR0cDovL28uYW9sY2RuLmNvbS9oc3Mvc3RvcmFnZS9taWRhcy81MzNlMTU2NzYyM2M2ZTJhNTY5MTdkMDdlZGNkMGEyZi8yMDUwMjI2MzAvZ2FsbGVyeS0xNDg4ODM3NDA5LWNpYXJhLTcuanBn.jpg	"[{"name": "Non-Explicit Nudity of Intimate parts and Kissing", "parent_name": ""}, {"name": "Non-Explicit Nudity", "parent_name": "Non-Explicit Nudity of Intimate parts and Kissing"}, {"name": "Implied Nudity", "parent_name": "Non-Explicit Nudity"}]"	"None"
resized/PregnantSuggestive/alexander-krivitskiy-KtmF96NBO0Q-unsplash.jpg	"[{"name": "Explicit", "parent_name": ""}, {"name": "Exposed Female Nipple", "parent_name": "Explicit Nudity"}, {"name": "Explicit Nudity", "parent_name": "Explicit"}]"	"None"
resized/PregnantSuggestive/andrea-bertozzini-Yv5NM-jlvy8-unsplash.jpg	"[{"name": "Explicit", "parent_name": ""}, {"name": "Explicit Sexual Activity", "parent_name": "Explicit"}]"	"None"
resized/PregnantSuggestive/andrea-brambila-CkJmahzEAUw-unsplash.jpg	"[]"	"None"
resized/PregnantSuggestive/beautiful-pregnancy-portraits-belly-photos.jpg	"[{"name": "Implied Nudity", "parent_name": "Non-Explicit Nudity"}, {"name": "Non-Explicit Nudity of Intimate parts and Kissing", "parent_name": ""}, {"name": "Non-Explicit Nudity", "parent_name": "Non-Explicit Nudity of Intimate parts and Kissing"}, {"name": "Bare Back", "parent_name": "Non-Explicit Nudity"}]"	"None"
resized/PregnantSuggestive/brian-lawson-qAnz89hNEX8-unsplash.jpg	"[{"name": "Swimwear or Underwear", "parent_name": ""}, {"name": "Female Swimwear or Underwear", "parent_name": "Swimwear or Underwear"}]"	"None"
resized/PregnantSuggestive/dhwytbq-bbed31d4-d352-46ba-bce9-fc574e21463c.jpg	"[{"name": "Swimwear or Underwear", "parent_name": ""}, {"name": "Female Swimwear or Underwear", "parent_name": "Swimwear or Underwear"}]"	"None"
resized/PregnantSuggestive/dreamstime_m_143437542.jpg	"[{"name": "Non-Explicit Nudity of Intimate parts and Kissing", "parent_name": ""}, {"name": "Non-Explicit Nudity", "parent_name": "Non-Explicit Nudity of Intimate parts and Kissing"}, {"name": "Partially Exposed Buttocks", "parent_name": "Non-Explicit Nudity"}, {"name": "Swimwear or Underwear", "parent_name": ""}, {"name": "Female Swimwear or Underwear", "parent_name": "Swimwear or Underwear"}]"	"None"
resized/PregnantSuggestive/dreamstime_m_146191781.jpg	"[{"name": "Swimwear or Underwear", "parent_name": ""}, {"name": "Female Swimwear or Underwear", "parent_name": "Swimwear or Underwear"}]"	"None"
resized/PregnantSuggestive/dreamstime_m_179640101.jpg	"[{"name": "Explicit", "parent_name": ""}, {"name": "Exposed Female Nipple", "parent_name": "Explicit Nudity"}, {"name": "Explicit Nudity", "parent_name": "Explicit"}, {"name": "Exposed Female Genitalia", "parent_name": "Explicit Nudity"}]"	"None"
resized/PregnantSuggestive/dreamstime_m_328775612.jpg	"[{"name": "Non-Explicit Nudity of Intimate parts and Kissing", "parent_name": ""}, {"name": "Non-Explicit Nudity", "parent_name": "Non-Explicit Nudity of Intimate parts and Kissing"}, {"name": "Partially Exposed Female Breast", "parent_name": "Non-Explicit Nudity"}, {"name": "Swimwear or Underwear", "parent_name": ""}, {"name": "Female Swimwear or Underwear", "parent_name": "Swimwear or Underwear"}]"	"None"
resized/PregnantSuggestive/dreamstime_m_328775614.jpg	"[{"name": "Non-Explicit Nudity of Intimate parts and Kissing", "parent_name": ""}, {"name": "Non-Explicit Nudity", "parent_name": "Non-Explicit Nudity of Intimate parts and Kissing"}, {"name": "Partially Exposed Female Breast", "parent_name": "Non-Explicit Nudity"}, {"name": "Swimwear or Underwear", "parent_name": ""}, {"name": "Female Swimwear or Underwear", "parent_name": "Swimwear or Underwear"}]"	"None"
resized/PregnantSuggestive/dreamstimemaximum_119047280.jpg	"[{"name": "Swimwear or Underwear", "parent_name": ""}, {"name": "Female Swimwear or Underwear", "parent_name": "Swimwear or Underwear"}, {"name": "Non-Explicit Nudity of Intimate parts and Kissing", "parent_name": ""}, {"name": "Non-Explicit Nudity", "parent_name": "Non-Explicit Nudity of Intimate parts and Kissing"}, {"name": "Partially Exposed Female Breast", "parent_name": "Non-Explicit Nudity"}]"	"None"
resized/PregnantSuggestive/dreamstimemaximum_145708180.jpg	"[{"name": "Swimwear or Underwear", "parent_name": ""}, {"name": "Female Swimwear or Underwear", "parent_name": "Swimwear or Underwear"}, {"name": "Partially Exposed Female Breast", "parent_name": "Non-Explicit Nudity"}, {"name": "Non-Explicit Nudity of Intimate parts and Kissing", "parent_name": ""}, {"name": "Non-Explicit Nudity", "parent_name": "Non-Explicit Nudity of Intimate parts and Kissing"}]"	"None"
resized/PregnantSuggestive/dreamstimemaximum_145708256.jpg	"[{"name": "Swimwear or Underwear", "parent_name": ""}, {"name": "Female Swimwear or Underwear", "parent_name": "Swimwear or Underwear"}, {"name": "Non-Explicit Nudity of Intimate parts and Kissing", "parent_name": ""}, {"name": "Non-Explicit Nudity", "parent_name": "Non-Explicit Nudity of Intimate parts and Kissing"}, {"name": "Partially Exposed Female Breast", "parent_name": "Non-Explicit Nudity"}]"	"None"
resized/PregnantSuggestive/dreamstimemaximum_145713360.jpg	"[{"name": "Non-Explicit Nudity of Intimate parts and Kissing", "parent_name": ""}, {"name": "Non-Explicit Nudity", "parent_name": "Non-Explicit Nudity of Intimate parts and Kissing"}, {"name": "Partially Exposed Female Breast", "parent_name": "Non-Explicit Nudity"}, {"name": "Swimwear or Underwear", "parent_name": ""}, {"name": "Female Swimwear or Underwear", "parent_name": "Swimwear or Underwear"}]"	"None"
resized/PregnantSuggestive/dreamstimemaximum_180538970.jpg	"[]"	"None"
resized/PregnantSuggestive/dreamstimemaximum_180540265.jpg	"[]"	"None"
resized/PregnantSuggestive/dreamstimemaximum_180552083.jpg	"[{"name": "Explicit", "parent_name": ""}, {"name": "Exposed Female Nipple", "parent_name": "Explicit Nudity"}, {"name": "Explicit Nudity", "parent_name": "Explicit"}, {"name": "Swimwear or Underwear", "parent_name": ""}, {"name": "Female Swimwear or Underwear", "parent_name": "Swimwear or Underwear"}, {"name": "Non-Explicit Nudity of Intimate parts and Kissing", "parent_name": ""}, {"name": "Obstructed Intimate Parts", "parent_name": "Non-Explicit Nudity of Intimate parts and Kissing"}, {"name": "Obstructed Female Nipple", "parent_name": "Obstructed Intimate Parts"}]"	"None"
resized/PregnantSuggestive/dreamstimemaximum_215259609.jpg	"[{"name": "Swimwear or Underwear", "parent_name": ""}, {"name": "Female Swimwear or Underwear", "parent_name": "Swimwear or Underwear"}]"	"None"
resized/PregnantSuggestive/dreamstimemaximum_216642664.jpg	"[{"name": "Explicit", "parent_name": ""}, {"name": "Exposed Female Nipple", "parent_name": "Explicit Nudity"}, {"name": "Explicit Nudity", "parent_name": "Explicit"}, {"name": "Swimwear or Underwear", "parent_name": ""}, {"name": "Female Swimwear or Underwear", "parent_name": "Swimwear or Underwear"}]"	"None"
resized/PregnantSuggestive/dreamstimemaximum_216642668.jpg	"[{"name": "Explicit", "parent_name": ""}, {"name": "Exposed Female Nipple", "parent_name": "Explicit Nudity"}, {"name": "Explicit Nudity", "parent_name": "Explicit"}]"	"None"
resized/PregnantSuggestive/dreamstimemaximum_216642691.jpg	"[{"name": "Swimwear or Underwear", "parent_name": ""}, {"name": "Female Swimwear or Underwear", "parent_name": "Swimwear or Underwear"}, {"name": "Non-Explicit Nudity of Intimate parts and Kissing", "parent_name": ""}, {"name": "Non-Explicit Nudity", "parent_name": "Non-Explicit Nudity of Intimate parts and Kissing"}, {"name": "Partially Exposed Female Breast", "parent_name": "Non-Explicit Nudity"}]"	"None"
resized/PregnantSuggestive/dreamstimemaximum_216642705.jpg	"[{"name": "Swimwear or Underwear", "parent_name": ""}, {"name": "Female Swimwear or Underwear", "parent_name": "Swimwear or Underwear"}, {"name": "Non-Explicit Nudity of Intimate parts and Kissing", "parent_name": ""}, {"name": "Non-Explicit Nudity", "parent_name": "Non-Explicit Nudity of Intimate parts and Kissing"}, {"name": "Partially Exposed Female Breast", "parent_name": "Non-Explicit Nudity"}]"	"None"
resized/PregnantSuggestive/dreamstimemaximum_237018219.jpg	"[{"name": "Non-Explicit Nudity of Intimate parts and Kissing", "parent_name": ""}, {"name": "Non-Explicit Nudity", "parent_name": "Non-Explicit Nudity of Intimate parts and Kissing"}, {"name": "Partially Exposed Buttocks", "parent_name": "Non-Explicit Nudity"}, {"name": "Swimwear or Underwear", "parent_name": ""}, {"name": "Female Swimwear or Underwear", "parent_name": "Swimwear or Underwear"}]"	"None"
resized/PregnantSuggestive/dreamstimemaximum_237018252.jpg	"[{"name": "Partially Exposed Buttocks", "parent_name": "Non-Explicit Nudity"}, {"name": "Non-Explicit Nudity of Intimate parts and Kissing", "parent_name": ""}, {"name": "Non-Explicit Nudity", "parent_name": "Non-Explicit Nudity of Intimate parts and Kissing"}, {"name": "Explicit", "parent_name": ""}, {"name": "Exposed Female Nipple", "parent_name": "Explicit Nudity"}, {"name": "Explicit Nudity", "parent_name": "Explicit"}, {"name": "Exposed Buttocks or Anus", "parent_name": "Explicit Nudity"}, {"name": "Swimwear or Underwear", "parent_name": ""}, {"name": "Female Swimwear or Underwear", "parent_name": "Swimwear or Underwear"}]"	"None"
resized/PregnantSuggestive/dreamstimemaximum_237018648.jpg	"[{"name": "Non-Explicit Nudity of Intimate parts and Kissing", "parent_name": ""}, {"name": "Non-Explicit Nudity", "parent_name": "Non-Explicit Nudity of Intimate parts and Kissing"}, {"name": "Partially Exposed Female Breast", "parent_name": "Non-Explicit Nudity"}, {"name": "Swimwear or Underwear", "parent_name": ""}, {"name": "Female Swimwear or Underwear", "parent_name": "Swimwear or Underwear"}]"	"None"
resized/PregnantSuggestive/dreamstimemaximum_243925236.jpg	"[{"name": "Non-Explicit Nudity of Intimate parts and Kissing", "parent_name": ""}, {"name": "Obstructed Intimate Parts", "parent_name": "Non-Explicit Nudity of Intimate parts and Kissing"}, {"name": "Obstructed Female Nipple", "parent_name": "Obstructed Intimate Parts"}]"	"None"
resized/PregnantSuggestive/dreamstimemaximum_245024206.jpg	"[{"name": "Swimwear or Underwear", "parent_name": ""}, {"name": "Female Swimwear or Underwear", "parent_name": "Swimwear or Underwear"}]"	"None"
resized/PregnantSuggestive/dreamstimemaximum_245024224.jpg	"[{"name": "Swimwear or Underwear", "parent_name": ""}, {"name": "Female Swimwear or Underwear", "parent_name": "Swimwear or Underwear"}, {"name": "Non-Explicit Nudity of Intimate parts and Kissing", "parent_name": ""}, {"name": "Non-Explicit Nudity", "parent_name": "Non-Explicit Nudity of Intimate parts and Kissing"}, {"name": "Partially Exposed Female Breast", "parent_name": "Non-Explicit Nudity"}]"	"None"
resized/PregnantSuggestive/dreamstimemaximum_245024229.jpg	"[{"name": "Swimwear or Underwear", "parent_name": ""}, {"name": "Female Swimwear or Underwear", "parent_name": "Swimwear or Underwear"}, {"name": "Non-Explicit Nudity of Intimate parts and Kissing", "parent_name": ""}, {"name": "Non-Explicit Nudity", "parent_name": "Non-Explicit Nudity of Intimate parts and Kissing"}, {"name": "Partially Exposed Female Breast", "parent_name": "Non-Explicit Nudity"}]"	"None"
resized/PregnantSuggestive/dreamstimemaximum_245024234.jpg	"[{"name": "Swimwear or Underwear", "parent_name": ""}, {"name": "Female Swimwear or Underwear", "parent_name": "Swimwear or Underwear"}, {"name": "Non-Explicit Nudity of Intimate parts and Kissing", "parent_name": ""}, {"name": "Non-Explicit Nudity", "parent_name": "Non-Explicit Nudity of Intimate parts and Kissing"}, {"name": "Partially Exposed Female Breast", "parent_name": "Non-Explicit Nudity"}]"	"None"
resized/PregnantSuggestive/dreamstimemaximum_250938011.jpg	"[{"name": "Swimwear or Underwear", "parent_name": ""}, {"name": "Female Swimwear or Underwear", "parent_name": "Swimwear or Underwear"}]"	"None"
resized/PregnantSuggestive/dreamstimemaximum_252919149.jpg	"[]"	"None"
resized/PregnantSuggestive/dreamstimemaximum_253857570.jpg	"[{"name": "Non-Explicit Nudity of Intimate parts and Kissing", "parent_name": ""}, {"name": "Non-Explicit Nudity", "parent_name": "Non-Explicit Nudity of Intimate parts and Kissing"}, {"name": "Partially Exposed Buttocks", "parent_name": "Non-Explicit Nudity"}, {"name": "Swimwear or Underwear", "parent_name": ""}, {"name": "Female Swimwear or Underwear", "parent_name": "Swimwear or Underwear"}]"	"None"
resized/PregnantSuggestive/gallery-1485745658-sexypregnant.jpg	"[]"	"None"
resized/PregnantSuggestive/hotmilk-warrior-nursing-bra-jan-2024.jpg	"[{"name": "Swimwear or Underwear", "parent_name": ""}, {"name": "Female Swimwear or Underwear", "parent_name": "Swimwear or Underwear"}]"	"None"
resized/PregnantSuggestive/images-2.jpg	"[{"name": "Swimwear or Underwear", "parent_name": ""}, {"name": "Female Swimwear or Underwear", "parent_name": "Swimwear or Underwear"}, {"name": "Non-Explicit Nudity of Intimate parts and Kissing", "parent_name": ""}, {"name": "Non-Explicit Nudity", "parent_name": "Non-Explicit Nudity of Intimate parts and Kissing"}, {"name": "Partially Exposed Female Breast", "parent_name": "Non-Explicit Nudity"}]"	"None"
resized/PregnantSuggestive/isabela-martins-qBTx7REaI3U-unsplash.jpg	"[{"name": "Non-Explicit Nudity of Intimate parts and Kissing", "parent_name": ""}, {"name": "Non-Explicit Nudity", "parent_name": "Non-Explicit Nudity of Intimate parts and Kissing"}, {"name": "Implied Nudity", "parent_name": "Non-Explicit Nudity"}]"	"None"
resized/PregnantSuggestive/janko-ferlic-6XOrDwooFDU-unsplash.jpg	"[{"name": "Swimwear or Underwear", "parent_name": ""}, {"name": "Female Swimwear or Underwear", "parent_name": "Swimwear or Underwear"}, {"name": "Non-Explicit Nudity of Intimate parts and Kissing", "parent_name": ""}, {"name": "Non-Explicit Nudity", "parent_name": "Non-Explicit Nudity of Intimate parts and Kissing"}, {"name": "Partially Exposed Female Breast", "parent_name": "Non-Explicit Nudity"}]"	"None"
resized/PregnantSuggestive/lm-rihanna-lingerie-baby-bump-COMP.jpg	"[]"	"An error occurred (InvalidImageFormatException) when calling the DetectModerationLabels operation: Request has invalid image format"
resized/PregnantSuggestive/max-bohme-HFYhtezULRI-unsplash.jpg	"[{"name": "Explicit", "parent_name": ""}, {"name": "Exposed Female Nipple", "parent_name": "Explicit Nudity"}, {"name": "Explicit Nudity", "parent_name": "Explicit"}, {"name": "Exposed Buttocks or Anus", "parent_name": "Explicit Nudity"}, {"name": "Exposed Female Genitalia", "parent_name": "Explicit Nudity"}]"	"None"
resized/PregnantSuggestive/o-MATERNITY-PHOTOS-570.jpg	"[{"name": "Non-Explicit Nudity of Intimate parts and Kissing", "parent_name": ""}, {"name": "Non-Explicit Nudity", "parent_name": "Non-Explicit Nudity of Intimate parts and Kissing"}, {"name": "Implied Nudity", "parent_name": "Non-Explicit Nudity"}]"	"None"
resized/PregnantSuggestive/pelayo-arbues-t0QCLo-Zwh0-unsplash(1).jpg	"[{"name": "Non-Explicit Nudity of Intimate parts and Kissing", "parent_name": ""}, {"name": "Non-Explicit Nudity", "parent_name": "Non-Explicit Nudity of Intimate parts and Kissing"}, {"name": "Implied Nudity", "parent_name": "Non-Explicit Nudity"}, {"name": "Swimwear or Underwear", "parent_name": ""}, {"name": "Female Swimwear or Underwear", "parent_name": "Swimwear or Underwear"}]"	"None"
resized/PregnantSuggestive/sexy-pregnant-anita-lorenz.jpg	"[{"name": "Explicit", "parent_name": ""}, {"name": "Exposed Female Nipple", "parent_name": "Explicit Nudity"}, {"name": "Explicit Nudity", "parent_name": "Explicit"}, {"name": "Non-Explicit Nudity of Intimate parts and Kissing", "parent_name": ""}, {"name": "Non-Explicit Nudity", "parent_name": "Non-Explicit Nudity of Intimate parts and Kissing"}, {"name": "Implied Nudity", "parent_name": "Non-Explicit Nudity"}]"	"None"
resized/ReproductiveHealth/dreamstimemaximum_130418430.jpg	"[]"	"None"
resized/ReproductiveHealth/dreamstimemaximum_133657049.jpg	"[{"name": "Swimwear or Underwear", "parent_name": ""}, {"name": "Female Swimwear or Underwear", "parent_name": "Swimwear or Underwear"}]"	"None"
resized/ReproductiveHealth/dreamstimemaximum_133657103.jpg	"[{"name": "Swimwear or Underwear", "parent_name": ""}, {"name": "Female Swimwear or Underwear", "parent_name": "Swimwear or Underwear"}]"	"None"
resized/ReproductiveHealth/dreamstimemaximum_161360590.jpg	"[{"name": "Swimwear or Underwear", "parent_name": ""}, {"name": "Female Swimwear or Underwear", "parent_name": "Swimwear or Underwear"}]"	"None"
resized/ReproductiveHealth/dreamstimemaximum_17944071.jpg	"[]"	"None"
resized/ReproductiveHealth/dreamstimemaximum_27770157.jpg	"[{"name": "Non-Explicit Nudity of Intimate parts and Kissing", "parent_name": ""}, {"name": "Obstructed Intimate Parts", "parent_name": "Non-Explicit Nudity of Intimate parts and Kissing"}, {"name": "Obstructed Female Nipple", "parent_name": "Obstructed Intimate Parts"}]"	"None"
resized/ReproductiveHealth/dreamstimemaximum_31050559.jpg	"[]"	"None"
resized/ReproductiveHealth/dreamstimemaximum_31834984.jpg	"[]"	"None"
resized/ReproductiveHealth/dreamstimemaximum_45400686.jpg	"[]"	"None"
resized/Suggestive/9df32f5aa2e924d148d7e1a42e03ea8e.jpg	"[{"name": "Swimwear or Underwear", "parent_name": ""}, {"name": "Female Swimwear or Underwear", "parent_name": "Swimwear or Underwear"}, {"name": "Partially Exposed Female Breast", "parent_name": "Non-Explicit Nudity"}, {"name": "Non-Explicit Nudity of Intimate parts and Kissing", "parent_name": ""}, {"name": "Non-Explicit Nudity", "parent_name": "Non-Explicit Nudity of Intimate parts and Kissing"}]"	"None"
resized/Suggestive/dreamstimemaximum_104089841.jpg	"[{"name": "Non-Explicit Nudity of Intimate parts and Kissing", "parent_name": ""}, {"name": "Non-Explicit Nudity", "parent_name": "Non-Explicit Nudity of Intimate parts and Kissing"}, {"name": "Partially Exposed Buttocks", "parent_name": "Non-Explicit Nudity"}, {"name": "Swimwear or Underwear", "parent_name": ""}, {"name": "Female Swimwear or Underwear", "parent_name": "Swimwear or Underwear"}]"	"None"
resized/Suggestive/dreamstimemaximum_113797033(1).jpg	"[{"name": "Swimwear or Underwear", "parent_name": ""}, {"name": "Female Swimwear or Underwear", "parent_name": "Swimwear or Underwear"}, {"name": "Non-Explicit Nudity of Intimate parts and Kissing", "parent_name": ""}, {"name": "Non-Explicit Nudity", "parent_name": "Non-Explicit Nudity of Intimate parts and Kissing"}, {"name": "Partially Exposed Female Breast", "parent_name": "Non-Explicit Nudity"}]"	"None"
resized/Suggestive/dreamstimemaximum_113797033.jpg	"[{"name": "Swimwear or Underwear", "parent_name": ""}, {"name": "Female Swimwear or Underwear", "parent_name": "Swimwear or Underwear"}, {"name": "Non-Explicit Nudity of Intimate parts and Kissing", "parent_name": ""}, {"name": "Non-Explicit Nudity", "parent_name": "Non-Explicit Nudity of Intimate parts and Kissing"}, {"name": "Partially Exposed Female Breast", "parent_name": "Non-Explicit Nudity"}]"	"None"
resized/Suggestive/dreamstimemaximum_124998759.jpg	"[]"	"None"
resized/Suggestive/dreamstimemaximum_140720311.jpg	"[{"name": "Non-Explicit Nudity of Intimate parts and Kissing", "parent_name": ""}, {"name": "Non-Explicit Nudity", "parent_name": "Non-Explicit Nudity of Intimate parts and Kissing"}, {"name": "Partially Exposed Female Breast", "parent_name": "Non-Explicit Nudity"}]"	"None"
resized/Suggestive/dreamstimemaximum_150484592.jpg	"[{"name": "Non-Explicit Nudity of Intimate parts and Kissing", "parent_name": ""}, {"name": "Non-Explicit Nudity", "parent_name": "Non-Explicit Nudity of Intimate parts and Kissing"}, {"name": "Partially Exposed Buttocks", "parent_name": "Non-Explicit Nudity"}, {"name": "Swimwear or Underwear", "parent_name": ""}, {"name": "Female Swimwear or Underwear", "parent_name": "Swimwear or Underwear"}]"	"None"
resized/Suggestive/dreamstimemaximum_194102913.jpg	"[{"name": "Non-Explicit Nudity of Intimate parts and Kissing", "parent_name": ""}, {"name": "Non-Explicit Nudity", "parent_name": "Non-Explicit Nudity of Intimate parts and Kissing"}, {"name": "Partially Exposed Buttocks", "parent_name": "Non-Explicit Nudity"}, {"name": "Swimwear or Underwear", "parent_name": ""}, {"name": "Female Swimwear or Underwear", "parent_name": "Swimwear or Underwear"}]"	"None"
resized/Suggestive/dreamstimemaximum_194172586.jpg	"[{"name": "Swimwear or Underwear", "parent_name": ""}, {"name": "Female Swimwear or Underwear", "parent_name": "Swimwear or Underwear"}, {"name": "Non-Explicit Nudity of Intimate parts and Kissing", "parent_name": ""}, {"name": "Non-Explicit Nudity", "parent_name": "Non-Explicit Nudity of Intimate parts and Kissing"}, {"name": "Partially Exposed Female Breast", "parent_name": "Non-Explicit Nudity"}]"	"None"
resized/Suggestive/dreamstimemaximum_196124562.jpg	"[{"name": "Non-Explicit Nudity of Intimate parts and Kissing", "parent_name": ""}, {"name": "Non-Explicit Nudity", "parent_name": "Non-Explicit Nudity of Intimate parts and Kissing"}, {"name": "Partially Exposed Buttocks", "parent_name": "Non-Explicit Nudity"}, {"name": "Swimwear or Underwear", "parent_name": ""}, {"name": "Female Swimwear or Underwear", "parent_name": "Swimwear or Underwear"}]"	"None"
resized/Suggestive/dreamstimemaximum_25493792.jpg	"[]"	"None"
resized/Suggestive/dreamstimemaximum_329846046.jpg	"[{"name": "Swimwear or Underwear", "parent_name": ""}, {"name": "Female Swimwear or Underwear", "parent_name": "Swimwear or Underwear"}]"	"None"
resized/Suggestive/dreamstimemaximum_332083852.jpg	"[{"name": "Non-Explicit Nudity of Intimate parts and Kissing", "parent_name": ""}, {"name": "Non-Explicit Nudity", "parent_name": "Non-Explicit Nudity of Intimate parts and Kissing"}, {"name": "Partially Exposed Female Breast", "parent_name": "Non-Explicit Nudity"}, {"name": "Swimwear or Underwear", "parent_name": ""}, {"name": "Female Swimwear or Underwear", "parent_name": "Swimwear or Underwear"}]"	"None"
resized/Suggestive/dreamstimemaximum_332083978.jpg	"[{"name": "Swimwear or Underwear", "parent_name": ""}, {"name": "Female Swimwear or Underwear", "parent_name": "Swimwear or Underwear"}, {"name": "Partially Exposed Buttocks", "parent_name": "Non-Explicit Nudity"}, {"name": "Non-Explicit Nudity of Intimate parts and Kissing", "parent_name": ""}, {"name": "Non-Explicit Nudity", "parent_name": "Non-Explicit Nudity of Intimate parts and Kissing"}]"	"None"
resized/Suggestive/dreamstimemaximum_332084051.jpg	"[{"name": "Swimwear or Underwear", "parent_name": ""}, {"name": "Female Swimwear or Underwear", "parent_name": "Swimwear or Underwear"}, {"name": "Non-Explicit Nudity of Intimate parts and Kissing", "parent_name": ""}, {"name": "Non-Explicit Nudity", "parent_name": "Non-Explicit Nudity of Intimate parts and Kissing"}, {"name": "Partially Exposed Buttocks", "parent_name": "Non-Explicit Nudity"}]"	"None"
resized/Suggestive/dreamstimemaximum_333708655.jpg	"[{"name": "Explicit", "parent_name": ""}, {"name": "Explicit Sexual Activity", "parent_name": "Explicit"}, {"name": "Non-Explicit Nudity of Intimate parts and Kissing", "parent_name": ""}, {"name": "Non-Explicit Nudity", "parent_name": "Non-Explicit Nudity of Intimate parts and Kissing"}, {"name": "Bare Back", "parent_name": "Non-Explicit Nudity"}]"	"None"
resized/Suggestive/dreamstimemaximum_35583428.jpg	"[]"	"None"
resized/Suggestive/dreamstimemaximum_54361287.jpg	"[{"name": "Swimwear or Underwear", "parent_name": ""}, {"name": "Female Swimwear or Underwear", "parent_name": "Swimwear or Underwear"}, {"name": "Non-Explicit Nudity of Intimate parts and Kissing", "parent_name": ""}, {"name": "Non-Explicit Nudity", "parent_name": "Non-Explicit Nudity of Intimate parts and Kissing"}, {"name": "Partially Exposed Female Breast", "parent_name": "Non-Explicit Nudity"}]"	"None"
resized/Suggestive/dreamstimemaximum_95400104.jpg	"[{"name": "Swimwear or Underwear", "parent_name": ""}, {"name": "Female Swimwear or Underwear", "parent_name": "Swimwear or Underwear"}, {"name": "Non-Explicit Nudity of Intimate parts and Kissing", "parent_name": ""}, {"name": "Non-Explicit Nudity", "parent_name": "Non-Explicit Nudity of Intimate parts and Kissing"}, {"name": "Partially Exposed Female Breast", "parent_name": "Non-Explicit Nudity"}]"	"None"
resized/Suggestive/dreamstimemaximum_9601220.jpg	"[{"name": "Non-Explicit Nudity of Intimate parts and Kissing", "parent_name": ""}, {"name": "Non-Explicit Nudity", "parent_name": "Non-Explicit Nudity of Intimate parts and Kissing"}, {"name": "Implied Nudity", "parent_name": "Non-Explicit Nudity"}]"	"None"
resized/Suggestive/dreamstimemaximum_96835820.jpg	"[{"name": "Non-Explicit Nudity of Intimate parts and Kissing", "parent_name": ""}, {"name": "Non-Explicit Nudity", "parent_name": "Non-Explicit Nudity of Intimate parts and Kissing"}, {"name": "Partially Exposed Buttocks", "parent_name": "Non-Explicit Nudity"}, {"name": "Swimwear or Underwear", "parent_name": ""}, {"name": "Female Swimwear or Underwear", "parent_name": "Swimwear or Underwear"}]"	"None"
resized/Suggestive/houcine-ncib-XZx00G1StJl-unsplash.jpg	"[{"name": "Non-Explicit Nudity of Intimate parts and Kissing", "parent_name": ""}, {"name": "Non-Explicit Nudity", "parent_name": "Non-Explicit Nudity of Intimate parts and Kissing"}, {"name": "Partially Exposed Female Breast", "parent_name": "Non-Explicit Nudity"}, {"name": "Swimwear or Underwear", "parent_name": ""}, {"name": "Female Swimwear or Underwear", "parent_name": "Swimwear or Underwear"}]"	"None"
resized/Suggestive/houcine-ncib-XZx0OG1StJI-unsplash.jpg	"[{"name": "Non-Explicit Nudity of Intimate parts and Kissing", "parent_name": ""}, {"name": "Non-Explicit Nudity", "parent_name": "Non-Explicit Nudity of Intimate parts and Kissing"}, {"name": "Partially Exposed Female Breast", "parent_name": "Non-Explicit Nudity"}, {"name": "Swimwear or Underwear", "parent_name": ""}, {"name": "Female Swimwear or Underwear", "parent_name": "Swimwear or Underwear"}]"	"None"
resized/Suggestive/witchkingblogs-a342dujcO74-unsplash.jpg	"[]"	"None"
resized/WomensHealthGeneral/dreamstimemaximum_104624786.jpg	"[{"name": "Swimwear or Underwear", "parent_name": ""}, {"name": "Female Swimwear or Underwear", "parent_name": "Swimwear or Underwear"}]"	"None"
resized/WomensHealthGeneral/dreamstimemaximum_107708831.jpg	"[]"	"None"
resized/WomensHealthGeneral/dreamstimemaximum_112035349(1).jpg	"[]"	"None"
resized/WomensHealthGeneral/dreamstimemaximum_112035349.jpg	"[]"	"None"
resized/WomensHealthGeneral/dreamstimemaximum_115683068.jpg	"[{"name": "Swimwear or Underwear", "parent_name": ""}, {"name": "Female Swimwear or Underwear", "parent_name": "Swimwear or Underwear"}]"	"None"
resized/WomensHealthGeneral/dreamstimemaximum_117110685.jpg	"[]"	"None"
resized/WomensHealthGeneral/dreamstimemaximum_121070767.jpg	"[{"name": "Swimwear or Underwear", "parent_name": ""}, {"name": "Female Swimwear or Underwear", "parent_name": "Swimwear or Underwear"}]"	"None"
resized/WomensHealthGeneral/dreamstimemaximum_134398623.jpg	"[]"	"None"
resized/WomensHealthGeneral/dreamstimemaximum_147152548.jpg	"[]"	"None"
resized/WomensHealthGeneral/dreamstimemaximum_147473639.jpg	"[]"	"None"
resized/WomensHealthGeneral/dreamstimemaximum_148035281.jpg	"[]"	"None"
resized/WomensHealthGeneral/dreamstimemaximum_148035283.jpg	"[]"	"None"
resized/WomensHealthGeneral/dreamstimemaximum_148035284.jpg	"[]"	"None"
resized/WomensHealthGeneral/dreamstimemaximum_148999817.jpg	"[]"	"None"
resized/WomensHealthGeneral/dreamstimemaximum_152997667.jpg	"[]"	"None"
resized/WomensHealthGeneral/dreamstimemaximum_157466670.jpg	"[]"	"None"
resized/WomensHealthGeneral/dreamstimemaximum_159193200.jpg	"[{"name": "Swimwear or Underwear", "parent_name": ""}, {"name": "Female Swimwear or Underwear", "parent_name": "Swimwear or Underwear"}]"	"None"
resized/WomensHealthGeneral/dreamstimemaximum_161594218.jpg	"[{"name": "Swimwear or Underwear", "parent_name": ""}, {"name": "Female Swimwear or Underwear", "parent_name": "Swimwear or Underwear"}, {"name": "Non-Explicit Nudity of Intimate parts and Kissing", "parent_name": ""}, {"name": "Non-Explicit Nudity", "parent_name": "Non-Explicit Nudity of Intimate parts and Kissing"}, {"name": "Partially Exposed Buttocks", "parent_name": "Non-Explicit Nudity"}]"	"None"
resized/WomensHealthGeneral/dreamstimemaximum_164090993.jpg	"[]"	"None"
resized/WomensHealthGeneral/dreamstimemaximum_165473986.jpg	"[{"name": "Swimwear or Underwear", "parent_name": ""}, {"name": "Female Swimwear or Underwear", "parent_name": "Swimwear or Underwear"}, {"name": "Non-Explicit Nudity of Intimate parts and Kissing", "parent_name": ""}, {"name": "Non-Explicit Nudity", "parent_name": "Non-Explicit Nudity of Intimate parts and Kissing"}, {"name": "Partially Exposed Buttocks", "parent_name": "Non-Explicit Nudity"}]"	"None"
resized/WomensHealthGeneral/dreamstimemaximum_186108022.jpg	"[]"	"None"
resized/WomensHealthGeneral/dreamstimemaximum_202950479.jpg	"[{"name": "Swimwear or Underwear", "parent_name": ""}, {"name": "Female Swimwear or Underwear", "parent_name": "Swimwear or Underwear"}]"	"None"
resized/WomensHealthGeneral/dreamstimemaximum_2046787.jpg	"[]"	"None"
resized/WomensHealthGeneral/dreamstimemaximum_20682371.jpg	"[]"	"None"
resized/WomensHealthGeneral/dreamstimemaximum_23492375.jpg	"[{"name": "Non-Explicit Nudity of Intimate parts and Kissing", "parent_name": ""}, {"name": "Non-Explicit Nudity", "parent_name": "Non-Explicit Nudity of Intimate parts and Kissing"}, {"name": "Bare Back", "parent_name": "Non-Explicit Nudity"}, {"name": "Implied Nudity", "parent_name": "Non-Explicit Nudity"}]"	"None"
resized/WomensHealthGeneral/dreamstimemaximum_278810109.jpg	"[{"name": "Non-Explicit Nudity of Intimate parts and Kissing", "parent_name": ""}, {"name": "Non-Explicit Nudity", "parent_name": "Non-Explicit Nudity of Intimate parts and Kissing"}, {"name": "Partially Exposed Female Breast", "parent_name": "Non-Explicit Nudity"}]"	"None"
resized/WomensHealthGeneral/dreamstimemaximum_31399026.jpg	"[{"name": "Non-Explicit Nudity of Intimate parts and Kissing", "parent_name": ""}, {"name": "Non-Explicit Nudity", "parent_name": "Non-Explicit Nudity of Intimate parts and Kissing"}, {"name": "Bare Back", "parent_name": "Non-Explicit Nudity"}]"	"None"
resized/WomensHealthGeneral/dreamstimemaximum_329519549.jpg	"[]"	"None"
resized/WomensHealthGeneral/dreamstimemaximum_331439279.jpg	"[]"	"None"
resized/WomensHealthGeneral/dreamstimemaximum_33420240.jpg	"[{"name": "Swimwear or Underwear", "parent_name": ""}, {"name": "Female Swimwear or Underwear", "parent_name": "Swimwear or Underwear"}, {"name": "Non-Explicit Nudity of Intimate parts and Kissing", "parent_name": ""}, {"name": "Non-Explicit Nudity", "parent_name": "Non-Explicit Nudity of Intimate parts and Kissing"}, {"name": "Partially Exposed Buttocks", "parent_name": "Non-Explicit Nudity"}]"	"None"
resized/WomensHealthGeneral/dreamstimemaximum_33420421.jpg	"[{"name": "Swimwear or Underwear", "parent_name": ""}, {"name": "Female Swimwear or Underwear", "parent_name": "Swimwear or Underwear"}]"	"None"
resized/WomensHealthGeneral/dreamstimemaximum_335528173.jpg	"[]"	"None"
resized/WomensHealthGeneral/dreamstimemaximum_33650657.jpg	"[]"	"None"
resized/WomensHealthGeneral/dreamstimemaximum_339334637.jpg	"[{"name": "Swimwear or Underwear", "parent_name": ""}, {"name": "Female Swimwear or Underwear", "parent_name": "Swimwear or Underwear"}]"	"None"
resized/WomensHealthGeneral/dreamstimemaximum_340831720.jpg	"[{"name": "Swimwear or Underwear", "parent_name": ""}, {"name": "Female Swimwear or Underwear", "parent_name": "Swimwear or Underwear"}]"	"None"
resized/WomensHealthGeneral/dreamstimemaximum_34424730.jpg	"[{"name": "Non-Explicit Nudity of Intimate parts and Kissing", "parent_name": ""}, {"name": "Non-Explicit Nudity", "parent_name": "Non-Explicit Nudity of Intimate parts and Kissing"}, {"name": "Partially Exposed Buttocks", "parent_name": "Non-Explicit Nudity"}, {"name": "Swimwear or Underwear", "parent_name": ""}, {"name": "Female Swimwear or Underwear", "parent_name": "Swimwear or Underwear"}]"	"None"
resized/WomensHealthGeneral/dreamstimemaximum_44603509.jpg	"[]"	"None"
resized/WomensHealthGeneral/dreamstimemaximum_49421817.jpg	"[]"	"None"
resized/WomensHealthGeneral/dreamstimemaximum_53153107.jpg	"[{"name": "Swimwear or Underwear", "parent_name": ""}, {"name": "Female Swimwear or Underwear", "parent_name": "Swimwear or Underwear"}]"	"None"
resized/WomensHealthGeneral/dreamstimemaximum_60190897.jpg	"[{"name": "Swimwear or Underwear", "parent_name": ""}, {"name": "Female Swimwear or Underwear", "parent_name": "Swimwear or Underwear"}, {"name": "Non-Explicit Nudity of Intimate parts and Kissing", "parent_name": ""}, {"name": "Non-Explicit Nudity", "parent_name": "Non-Explicit Nudity of Intimate parts and Kissing"}, {"name": "Partially Exposed Female Breast", "parent_name": "Non-Explicit Nudity"}]"	"None"
resized/WomensHealthGeneral/dreamstimemaximum_65002178.jpg	"[]"	"None"
resized/WomensHealthGeneral/dreamstimemaximum_65002226.jpg	"[]"	"None"
resized/WomensHealthGeneral/dreamstimemaximum_66171633.jpg	"[]"	"None"
resized/WomensHealthGeneral/dreamstimemaximum_91040422.jpg	"[]"	"None"
resized/WomensHealthGeneral/dreamstimemaximum_94306461.jpg	"[]"	"None"
resized/WomensHealthGeneral/dreamstimemaximum_97457121.jpg	"[{"name": "Swimwear or Underwear", "parent_name": ""}, {"name": "Female Swimwear or Underwear", "parent_name": "Swimwear or Underwear"}, {"name": "Non-Explicit Nudity of Intimate parts and Kissing", "parent_name": ""}, {"name": "Non-Explicit Nudity", "parent_name": "Non-Explicit Nudity of Intimate parts and Kissing"}, {"name": "Partially Exposed Buttocks", "parent_name": "Non-Explicit Nudity"}]"	"None"
resized/WomensHealthGeneral/dreamstimemaximum_97457127.jpg	"[{"name": "Swimwear or Underwear", "parent_name": ""}, {"name": "Female Swimwear or Underwear", "parent_name": "Swimwear or Underwear"}]"	"None"
resized/WomensHealthGeneral/dreamstimemaximum_97457146(1).jpg	"[{"name": "Swimwear or Underwear", "parent_name": ""}, {"name": "Female Swimwear or Underwear", "parent_name": "Swimwear or Underwear"}, {"name": "Non-Explicit Nudity of Intimate parts and Kissing", "parent_name": ""}, {"name": "Non-Explicit Nudity", "parent_name": "Non-Explicit Nudity of Intimate parts and Kissing"}, {"name": "Partially Exposed Buttocks", "parent_name": "Non-Explicit Nudity"}]"	"None"
resized/WomensHealthGeneral/dreamstimemaximum_97457146.jpg	"[{"name": "Swimwear or Underwear", "parent_name": ""}, {"name": "Female Swimwear or Underwear", "parent_name": "Swimwear or Underwear"}, {"name": "Non-Explicit Nudity of Intimate parts and Kissing", "parent_name": ""}, {"name": "Non-Explicit Nudity", "parent_name": "Non-Explicit Nudity of Intimate parts and Kissing"}, {"name": "Partially Exposed Buttocks", "parent_name": "Non-Explicit Nudity"}]"	"None"
