BreastExam/dreamstimemaximum_345386762.jpg,non_suggestive
BreastExam/dreamstimemaximum_333223096.jpg,non_suggestive
BreastExam/dreamstimemaximum_331172607.jpg,non_suggestive
BreastExam/dreamstimemaximum_251940079.jpg,non_suggestive
BreastExam/dreamstimemaximum_251869704.jpg,non_suggestive
BreastExam/dreamstimemaximum_251647733.jpg,non_suggestive
BreastExam/dreamstimemaximum_250746467.jpg,non_suggestive
BreastExam/dreamstimemaximum_176675528.jpg,non_suggestive
BreastExam/dreamstimemaximum_173040953.jpg,non_suggestive
BreastExam/dreamstimemaximum_141522556.jpg,non_suggestive
BreastExam/dreamstimemaximum_133939422.jpg,non_suggestive
BreastExam/dreamstimemaximum_118626718.jpg,non_suggestive
BreastExam/dreamstimemaximum_103761283.jpg,non_suggestive
BreastExam/dreamstimemaximum_103407046.jpg,non_suggestive
BreastExam/dreamstimemaximum_94323528.jpg,non_suggestive
BreastExam/dreamstimemaximum_92860536.jpg,non_suggestive
BreastExam/dreamstimemaximum_88565794.jpg,non_suggestive
BreastExam/dreamstimemaximum_82163298.jpg,non_suggestive
BreastExam/dreamstimemaximum_77807936.jpg,non_suggestive
BreastExam/dreamstimemaximum_77807716.jpg,non_suggestive
BreastExam/dreamstimemaximum_67192785.jpg,non_suggestive
BreastExam/dreamstimemaximum_55510905.jpg,non_suggestive
BreastExam/dreamstimemaximum_55510901.jpg,non_suggestive
BreastExam/dreamstimemaximum_55485205.jpg,non_suggestive
BreastExam/dreamstimemaximum_51091477.jpg,non_suggestive
BreastExam/dreamstimemaximum_49879334.jpg,non_suggestive
BreastExam/dreamstimemaximum_45316700.jpg,non_suggestive
BreastExam/dreamstimemaximum_29774693.jpg,non_suggestive
BreastExam/dreamstimemaximum_20880777.jpg,non_suggestive
BreastExam/dreamstimemaximum_20880771.jpg,non_suggestive
BreastExam/dreamstimemaximum_20880761.jpg,non_suggestive
Menstruation/pexels-karolina-grabowska-7692051.jpg,non_suggestive
Menstruation/pexels-karolina-grabowska-7691984-1024x682.jpeg,non_suggestive
Menstruation/PERIOD COMPANIES TESTING 160823 GettyImages-1298129183_L.jpeg,non_suggestive
Menstruation/images-6.jpeg,non_suggestive
Menstruation/dreamstimemaximum_338892460.jpg,non_suggestive
Menstruation/dreamstimemaximum_338892443.jpg,non_suggestive
Menstruation/dreamstimemaximum_154455681.jpg,non_suggestive
Menstruation/dreamstimemaximum_98178285.jpg,non_suggestive
Menstruation/1000_F_451766029_fVSr3e3wusvjAnbEpzCrmxKznINlFfeB.jpg,non_suggestive
ReproductiveHealth/dreamstimemaximum_161360590.jpg,non_suggestive
ReproductiveHealth/dreamstimemaximum_133657103.jpg,non_suggestive
ReproductiveHealth/dreamstimemaximum_133657049.jpg,non_suggestive
ReproductiveHealth/dreamstimemaximum_130418430.jpg,non_suggestive
ReproductiveHealth/dreamstimemaximum_31834984.jpg,non_suggestive
ReproductiveHealth/dreamstimemaximum_31050559.jpg,non_suggestive
ReproductiveHealth/dreamstimemaximum_27770157.jpg,non_suggestive
ReproductiveHealth/dreamstimemaximum_17944071.jpg,non_suggestive
Suggestive/witchkingblogs-a342dujcO74-unsplash.jpg,suggestive
Suggestive/houcine-ncib-XZx00G1StJl-unsplash.jpg,suggestive
Suggestive/dreamstimemaximum_333708655.jpg,suggestive
Suggestive/dreamstimemaximum_332084051.jpg,suggestive
Suggestive/dreamstimemaximum_332083978.jpg,suggestive
Suggestive/dreamstimemaximum_332083852.jpg,suggestive
Suggestive/dreamstimemaximum_329846046.jpg,suggestive
Suggestive/dreamstimemaximum_196124562.jpg,suggestive
Suggestive/dreamstimemaximum_194172586.jpg,suggestive
Suggestive/dreamstimemaximum_150484592.jpg,suggestive
Suggestive/dreamstimemaximum_124998759.jpg,suggestive
Suggestive/dreamstimemaximum_104089841.jpg,suggestive
Suggestive/dreamstimemaximum_95400104.jpg,suggestive
Suggestive/dreamstimemaximum_54361287.jpg,suggestive
Suggestive/dreamstimemaximum_35583428.jpg,suggestive
Suggestive/dreamstimemaximum_25493792.jpg,suggestive
Suggestive/dreamstimemaximum_9601220.jpg,suggestive
Suggestive/9df32f5aa2e924d148d7e1a42e03ea8e.jpg,suggestive
nan,
nan,
nan,
nan,
nan,
nan,
nan,
nan,
nan,
nan,
Suggestive/moderately_suggestive,
Suggestive/explicitly_erotic,
Suggestive/lingerie ,
Suggestive/topless_breasts,
Suggestive/underwear_visible,
WomensHealthGeneral/dreamstimemaximum_340831720.jpg,non_suggestive
WomensHealthGeneral/dreamstimemaximum_339334637.jpg,non_suggestive
WomensHealthGeneral/dreamstimemaximum_335528173.jpg,non_suggestive
WomensHealthGeneral/dreamstimemaximum_329519549.jpg,non_suggestive
WomensHealthGeneral/dreamstimemaximum_278810109.jpg,non_suggestive
WomensHealthGeneral/dreamstimemaximum_202950479.jpg,non_suggestive
WomensHealthGeneral/dreamstimemaximum_186108022.jpg,non_suggestive
WomensHealthGeneral/dreamstimemaximum_164090993.jpg,non_suggestive
WomensHealthGeneral/dreamstimemaximum_161594218.jpg,non_suggestive
WomensHealthGeneral/dreamstimemaximum_159193200.jpg,non_suggestive
WomensHealthGeneral/dreamstimemaximum_157466670.jpg,non_suggestive
WomensHealthGeneral/dreamstimemaximum_152997667.jpg,non_suggestive
WomensHealthGeneral/dreamstimemaximum_148035284.jpg,non_suggestive
WomensHealthGeneral/dreamstimemaximum_148035281.jpg,non_suggestive
WomensHealthGeneral/dreamstimemaximum_147473639.jpg,non_suggestive
WomensHealthGeneral/dreamstimemaximum_134398623.jpg,non_suggestive
WomensHealthGeneral/dreamstimemaximum_117110685.jpg,non_suggestive
WomensHealthGeneral/dreamstimemaximum_112035349.jpg,non_suggestive
WomensHealthGeneral/dreamstimemaximum_107708831.jpg,non_suggestive
WomensHealthGeneral/dreamstimemaximum_104624786.jpg,non_suggestive
WomensHealthGeneral/dreamstimemaximum_97457127.jpg,non_suggestive
WomensHealthGeneral/dreamstimemaximum_97457121.jpg,non_suggestive
WomensHealthGeneral/dreamstimemaximum_94306461.jpg,non_suggestive
WomensHealthGeneral/dreamstimemaximum_91040422.jpg,non_suggestive
WomensHealthGeneral/dreamstimemaximum_66171633.jpg,non_suggestive
WomensHealthGeneral/dreamstimemaximum_65002226.jpg,non_suggestive
WomensHealthGeneral/dreamstimemaximum_65002178.jpg,non_suggestive
WomensHealthGeneral/dreamstimemaximum_60190897.jpg,non_suggestive
WomensHealthGeneral/dreamstimemaximum_53153107.jpg,non_suggestive
WomensHealthGeneral/dreamstimemaximum_49421817.jpg,non_suggestive
WomensHealthGeneral/dreamstimemaximum_44603509.jpg,non_suggestive
WomensHealthGeneral/dreamstimemaximum_34424730.jpg,non_suggestive
WomensHealthGeneral/dreamstimemaximum_33650657.jpg,non_suggestive
WomensHealthGeneral/dreamstimemaximum_33420421.jpg,non_suggestive
WomensHealthGeneral/dreamstimemaximum_33420240.jpg,non_suggestive
WomensHealthGeneral/dreamstimemaximum_31399026.jpg,non_suggestive
WomensHealthGeneral/dreamstimemaximum_23492375.jpg,non_suggestive
WomensHealthGeneral/dreamstimemaximum_2046787.jpg,non_suggestive
PregnantNonSuggestive/valeria-kodra-nhge54ZbyDU-unsplash.jpg,non_suggestive
PregnantNonSuggestive/tony-luginsland-_TyXKm8W2BU-unsplash.jpg,non_suggestive
PregnantNonSuggestive/toa-heftiba-XLHMBQxfm0E-unsplash.jpg,non_suggestive
PregnantNonSuggestive/toa-heftiba-C-8uOz7GluA-unsplash.jpg,non_suggestive
PregnantNonSuggestive/taisiia-stupak-9LO1MBSUZLA-unsplash.jpg,non_suggestive
PregnantNonSuggestive/shelly-shell-if29-uf4N_Q-unsplash.jpg,non_suggestive
PregnantNonSuggestive/sasha-freemind-H2EO-vM0BNs-unsplash.jpg,non_suggestive
PregnantNonSuggestive/sarah-kranz-RX3f9gwPqQ4-unsplash.jpg,non_suggestive
PregnantNonSuggestive/pelayo-arbues-Oz0yxfX9Z_Q-unsplash.jpg,non_suggestive
PregnantNonSuggestive/pelayo-arbues-gT5WUnWdnmI-unsplash.jpg,non_suggestive
PregnantNonSuggestive/mother-of-wilde-QplvEsSATAU-unsplash.jpg,non_suggestive
PregnantNonSuggestive/monika-kozub-Q_Avkw0mcfw-unsplash.jpg,non_suggestive
PregnantNonSuggestive/max-bohme-ZWgxlTjKQ4I-unsplash.jpg,non_suggestive
PregnantNonSuggestive/max-bohme-njk-YmGZ-EM-unsplash.jpg,non_suggestive
PregnantNonSuggestive/mateus-campos-felipe-k4CxGJg-nsA-unsplash.jpg,non_suggestive
PregnantNonSuggestive/martin-baron-Fe04wpHIsy4-unsplash.jpg,non_suggestive
PregnantNonSuggestive/manuelthelensman-ndCahIqFWbA-unsplash.jpg,non_suggestive
PregnantNonSuggestive/luana-azevedo-ydLRIwQEmbA-unsplash.jpg,non_suggestive
PregnantNonSuggestive/luana-azevedo-VAyfshNK4aI-unsplash.jpg,non_suggestive
PregnantNonSuggestive/luana-azevedo-rq0ZsQdY1j4-unsplash.jpg,non_suggestive
PregnantNonSuggestive/luana-azevedo-Mj1aVYsJIiM-unsplash.jpg,non_suggestive
PregnantNonSuggestive/luana-azevedo-L7WQPRcpkAI-unsplash.jpg,non_suggestive
PregnantNonSuggestive/luana-azevedo-cPdHv2M8t4U-unsplash.jpg,non_suggestive
PregnantNonSuggestive/luana-azevedo-2_pncwO-AwY-unsplash.jpg,non_suggestive
PregnantNonSuggestive/lo-lindo-zqDVOZ23v7I-unsplash.jpg,non_suggestive
PregnantNonSuggestive/kayla-maurais-NIop1Wu314M-unsplash.jpg,non_suggestive
PregnantNonSuggestive/kateryna-hliznitsova-U89WOwxRRGI-unsplash.jpg,non_suggestive
PregnantNonSuggestive/kateryna-hliznitsova-he2bmO_xAcs-unsplash.jpg,non_suggestive
PregnantNonSuggestive/jonathan-borba-y61WgsFToRk-unsplash.jpg,non_suggestive
PregnantNonSuggestive/jonathan-borba-H-5leKmiGW8-unsplash.jpg,non_suggestive
PregnantNonSuggestive/john-schnobrich-UdGQW7RzuUM-unsplash.jpg,non_suggestive
PregnantNonSuggestive/jernej-graj-E-T2nKRB9fQ-unsplash.jpg,non_suggestive
PregnantNonSuggestive/janko-ferlic-ZNVGL_Pcf74-unsplash.jpg,non_suggestive
PregnantNonSuggestive/jan-canty-dF8jzk6GdQc-unsplash.jpg,non_suggestive
PregnantNonSuggestive/j-balla-photography-Ms1g0Kk37G8-unsplash.jpg,non_suggestive
PregnantNonSuggestive/j-balla-photography-9Kuh1NZMszk-unsplash.jpg,non_suggestive
PregnantNonSuggestive/isabella-angelica-VpRoCJs_gqA-unsplash.jpg,non_suggestive
PregnantNonSuggestive/isabella-angelica-3jFGBzi3NT4-unsplash.jpg,non_suggestive
PregnantNonSuggestive/irina-rudnik-P-hfN4mH25k-unsplash.jpg,non_suggestive
PregnantNonSuggestive/gilda-gonzalez-RXGNRoBKEEc-unsplash.jpg,non_suggestive
PregnantNonSuggestive/gian-gomez-ZnulzpqVb2E-unsplash.jpg,non_suggestive
PregnantNonSuggestive/gaelle-lewyllie-1xTZSDTGjCo-unsplash.jpg,non_suggestive
PregnantNonSuggestive/freestocks-ux53SGpRAHU-unsplash.jpg,non_suggestive
PregnantNonSuggestive/frankie-OCXzRZhsSNo-unsplash.jpg,non_suggestive
PregnantNonSuggestive/febe-vanermen-ZxBy3w9zFYQ-unsplash.jpg,non_suggestive
PregnantNonSuggestive/febe-vanermen-xJF8MF2lSiM-unsplash.jpg,non_suggestive
PregnantNonSuggestive/febe-vanermen-wSsdA9gzmXY-unsplash.jpg,non_suggestive
PregnantNonSuggestive/febe-vanermen-LMEnKujH3LI-unsplash.jpg,non_suggestive
PregnantNonSuggestive/febe-vanermen-E2kIeFnVeGA-unsplash.jpg,non_suggestive
PregnantNonSuggestive/febe-vanermen-7kXSpnHZqmI-unsplash.jpg,non_suggestive
PregnantNonSuggestive/febe-vanermen-4DwPLYd7Mnc-unsplash.jpg,non_suggestive
PregnantNonSuggestive/elias-vidal-aQtoPqs2VPg-unsplash.jpg,non_suggestive
PregnantNonSuggestive/dreamstimemaximum_340787798.jpg,non_suggestive
PregnantNonSuggestive/dreamstimemaximum_331310504.jpg,non_suggestive
PregnantNonSuggestive/dreamstimemaximum_252919253.jpg,non_suggestive
PregnantNonSuggestive/dreamstimemaximum_247657500.jpg,non_suggestive
PregnantNonSuggestive/dreamstimemaximum_245637822.jpg,non_suggestive
PregnantNonSuggestive/dreamstimemaximum_238769191.jpg,non_suggestive
PregnantNonSuggestive/dreamstimemaximum_220969242.jpg,non_suggestive
PregnantNonSuggestive/dreamstimemaximum_220829392.jpg,non_suggestive
PregnantNonSuggestive/dreamstimemaximum_205466352.jpg,non_suggestive
PregnantNonSuggestive/dreamstimemaximum_200050027.jpg,non_suggestive
PregnantNonSuggestive/dreamstimemaximum_176436971.jpg,non_suggestive
PregnantNonSuggestive/dreamstimemaximum_174915453.jpg,non_suggestive
PregnantNonSuggestive/dreamstimemaximum_171000547.jpg,non_suggestive
PregnantNonSuggestive/dreamstimemaximum_170666310.jpg,non_suggestive
PregnantNonSuggestive/dreamstimemaximum_143921426.jpg,non_suggestive
PregnantNonSuggestive/dreamstimemaximum_78918026.jpg,non_suggestive
PregnantNonSuggestive/dreamstimemaximum_30888833.jpg,non_suggestive
PregnantNonSuggestive/dreamstimemaximum_27467693.jpg,non_suggestive
PregnantNonSuggestive/dreamstimemaximum_25107165.jpg,non_suggestive
PregnantNonSuggestive/dreamstimemaximum_22985723.jpg,non_suggestive
PregnantNonSuggestive/dreamstimemaximum_22473712.jpg,non_suggestive
PregnantNonSuggestive/dreamstimemaximum_19841990.jpg,non_suggestive
PregnantNonSuggestive/dreamstimemaximum_19163285.jpg,non_suggestive
PregnantNonSuggestive/dreamstimemaximum_18674128.jpg,non_suggestive
PregnantNonSuggestive/dreamstimemaximum_13817581.jpg,non_suggestive
PregnantNonSuggestive/dreamstimemaximum_7490420.jpg,non_suggestive
PregnantNonSuggestive/dreamstimemaximum_2127757.jpg,non_suggestive
PregnantNonSuggestive/cassidy-rowell-XcMtMSlYZmo-unsplash.jpg,non_suggestive
PregnantNonSuggestive/asdrubal-luna-z4Oox65UGpc-unsplash.jpg,non_suggestive
PregnantNonSuggestive/asdrubal-luna-uqfwXLOJeQI-unsplash.jpg,non_suggestive
PregnantNonSuggestive/asdrubal-luna-deAAjXh8JOU-unsplash.jpg,non_suggestive
PregnantNonSuggestive/asdrubal-luna-2NqhAnCmgQY-unsplash.jpg,non_suggestive
PregnantNonSuggestive/asdrubal-luna-naenqoVRlrg-unsplash.jpg,non_suggestive
PregnantNonSuggestive/apostolos-vamvouras-Cv7BQy1IG0I-unsplash.jpg,non_suggestive
PregnantNonSuggestive/apostolos-vamvouras-A6Ep0vbe3jK-unsplash.jpg,non_suggestive
PregnantNonSuggestive/anthony-tran--OlGtjmcVG4-unsplash.jpg,non_suggestive
PregnantNonSuggestive/anna-myslowska-kiczek-jBNwXT4VlQ-unsplash.jpg,non_suggestive
PregnantNonSuggestive/anna-deli-JWN_i4Cchug-unsplash.jpg,non_suggestive
PregnantNonSuggestive/anna-deli-HyE8ZHXAOSU-unsplash.jpg,non_suggestive
PregnantNonSuggestive/anna-civolani-huDTBofrOZE-unsplash.jpg,non_suggestive
PregnantNonSuggestive/andrea-brambila-RGT3KAF4IxQ-unsplash.jpg,non_suggestive
PregnantNonSuggestive/andrea-brambila-jN_9s1OcRIO-unsplash.jpg,non_suggestive
PregnantNonSuggestive/52708859118_2e77fdebe1_c.jpg,non_suggestive
PregnantNonSuggestive/52707217985_a38351d2b2_c.jpg,non_suggestive
PregnantNonSuggestive/52633490609_712333bf83_c.jpg,non_suggestive
PregnantSuggestive/sexy-pregnant-anita-lorenz.jpg,suggestive
PregnantSuggestive/pelayo-arbues-t0QCLo-Zwh0-unsplash(1).jpg,suggestive
PregnantSuggestive/o-MATERNITY-PHOTOS-570.jpg,suggestive
PregnantSuggestive/max-bohme-HFYhtezULRI-unsplash.jpg,suggestive
PregnantSuggestive/lm-rihanna-lingerie-baby-bump-COMP.jpg,suggestive
PregnantSuggestive/janko-ferlic-6XOrDwooFDU-unsplash.jpg,suggestive
PregnantSuggestive/isabela-martins-qBTx7REaI3U-unsplash.jpg,suggestive
PregnantSuggestive/gallery-1485745658-sexypregnant.jpg,suggestive
PregnantSuggestive/dreamstimemaximum_252919149.jpg,suggestive
PregnantSuggestive/dreamstimemaximum_245024229.jpg,suggestive
PregnantSuggestive/dreamstimemaximum_245024224.jpg,suggestive
PregnantSuggestive/dreamstimemaximum_243925236.jpg,suggestive
PregnantSuggestive/dreamstimemaximum_237018252.jpg,suggestive
PregnantSuggestive/dreamstimemaximum_237018219.jpg,suggestive
PregnantSuggestive/dreamstimemaximum_216642705.jpg,suggestive
PregnantSuggestive/dreamstimemaximum_216642691.jpg,suggestive
PregnantSuggestive/dreamstimemaximum_216642664.jpg,suggestive
PregnantSuggestive/dreamstimemaximum_215259609.jpg,suggestive
PregnantSuggestive/dreamstimemaximum_180552083.jpg,suggestive
PregnantSuggestive/dreamstimemaximum_180540265.jpg,suggestive
PregnantSuggestive/dreamstimemaximum_180538970.jpg,suggestive
PregnantSuggestive/dreamstimemaximum_145708256.jpg,suggestive
PregnantSuggestive/dreamstimemaximum_145708180.jpg,suggestive
PregnantSuggestive/dreamstimemaximum_119047280.jpg,suggestive
PregnantSuggestive/dreamstime_m_328775614.jpg,suggestive
PregnantSuggestive/dhwytbq-bbed31d4-d352-46ba-bce9-fc574e21463c.jpg,suggestive
PregnantSuggestive/brian-lawson-qAnz89hNEX8-unsplash.jpg,suggestive
PregnantSuggestive/beautiful-pregnancy-portraits-belly-photos.jpg,suggestive
PregnantSuggestive/andrea-brambila-CkJmahzEAUw-unsplash.jpg,suggestive
PregnantSuggestive/andrea-bertozzini-Yv5NM-jlvy8-unsplash.jpg,suggestive
PregnantSuggestive/alexander-krivitskiy-KtmF96NBO0Q-unsplash.jpg,suggestive
PregnantSuggestive/51688590897_8fd9f1ff3d_z.jpg,suggestive
PregnantSuggestive/64979795-dcb8.jpg,suggestive
PregnantSuggestive/042412_alessandra_gllery120424115945.jpg,suggestive
PregnantSuggestive/64ec8747-b405.jpg,suggestive
PregnantSuggestive/7-MB-Harm-Reduction-13-08-2020-Pregnant-woman-naked-iStock-1001410306.jpg,suggestive
